#engine        v8
#feature-id    AstroMax > EasyStretchMono
#feature-info  Mono / Narrowband stretching and composition assistant

// AstroMaxEasyStretchMono.js
// Mono / Narrowband stretching script for PixInsight
// Handles: Mono, LRGB composition, NB composition (Ha/OIII/SII palettes)
// Clean rebuild — correct architecture throughout
// ===========================================================


// ============================================================
//  LICENSE & TRIAL SYSTEM  (HWID-based, SHA-256 validation)
//  Trial: 30 days from first run, shared across all AstroMax scripts
//  Key:   sha256(HWID + "|ASTROMAX-V1|" + SECRET)[0..19] in 5x4 hex groups
// ============================================================
var LIC_PRODUCT_NAME = "AstroMaxEasyStretchMono";
var LIC_SETTINGS_KEY = "/AstroMax/licenseKey";   // shared: one key activates all AstroMax scripts
var LIC_TRIAL_KEY    = "/AstroMax/trialStart";
var LIC_HWID_KEY     = "/AstroMax/hwid";
var LIC_TRIAL_DAYS   = 30;
var LIC_SECRET       = "AstroMax2025#Nebula$7x9qK!mP";

// ── Compact SHA-256 (pure JS, no dependencies) ─────────────
function licSHA256(str) {
   function rr(x,n){return(x>>>n)|(x<<(32-n));}
   var K=[0x428a2f98,0x71374491,0xb5c0fbcf,0xe9b5dba5,0x3956c25b,0x59f111f1,0x923f82a4,0xab1c5ed5,
          0xd807aa98,0x12835b01,0x243185be,0x550c7dc3,0x72be5d74,0x80deb1fe,0x9bdc06a7,0xc19bf174,
          0xe49b69c1,0xefbe4786,0x0fc19dc6,0x240ca1cc,0x2de92c6f,0x4a7484aa,0x5cb0a9dc,0x76f988da,
          0x983e5152,0xa831c66d,0xb00327c8,0xbf597fc7,0xc6e00bf3,0xd5a79147,0x06ca6351,0x14292967,
          0x27b70a85,0x2e1b2138,0x4d2c6dfc,0x53380d13,0x650a7354,0x766a0abb,0x81c2c92e,0x92722c85,
          0xa2bfe8a1,0xa81a664b,0xc24b8b70,0xc76c51a3,0xd192e819,0xd6990624,0xf40e3585,0x106aa070,
          0x19a4c116,0x1e376c08,0x2748774c,0x34b0bcb5,0x391c0cb3,0x4ed8aa4a,0x5b9cca4f,0x682e6ff3,
          0x748f82ee,0x78a5636f,0x84c87814,0x8cc70208,0x90befffa,0xa4506ceb,0xbef9a3f7,0xc67178f2];
   var H=[0x6a09e667,0xbb67ae85,0x3c6ef372,0xa54ff53a,
          0x510e527f,0x9b05688c,0x1f83d9ab,0x5be0cd19];
   // UTF-8 encode
   var b=[];
   for(var i=0;i<str.length;i++){
      var c=str.charCodeAt(i);
      if(c<0x80)b.push(c);
      else if(c<0x800){b.push(0xC0|(c>>6));b.push(0x80|(c&0x3F));}
      else{b.push(0xE0|(c>>12));b.push(0x80|((c>>6)&0x3F));b.push(0x80|(c&0x3F));}
   }
   var bl=b.length*8;
   b.push(0x80);
   while(b.length%64!==56)b.push(0);
   for(var i=7;i>=0;i--)b.push((bl/Math.pow(2,i*8))&0xFF);
   // Process blocks
   for(var blk=0;blk<b.length;blk+=64){
      var W=[];
      for(var i=0;i<16;i++)
         W[i]=(b[blk+i*4]<<24)|(b[blk+i*4+1]<<16)|(b[blk+i*4+2]<<8)|b[blk+i*4+3];
      for(var i=16;i<64;i++){
         var s0=rr(W[i-15],7)^rr(W[i-15],18)^(W[i-15]>>>3);
         var s1=rr(W[i-2],17)^rr(W[i-2],19)^(W[i-2]>>>10);
         W[i]=(W[i-16]+s0+W[i-7]+s1)>>>0;
      }
      var a=H[0],b_=H[1],c=H[2],d=H[3],e=H[4],f=H[5],g=H[6],h=H[7];
      for(var i=0;i<64;i++){
         var S1=rr(e,6)^rr(e,11)^rr(e,25);
         var ch=(e&f)^(~e&g);
         var t1=(h+S1+ch+K[i]+W[i])>>>0;
         var S0=rr(a,2)^rr(a,13)^rr(a,22);
         var mj=(a&b_)^(a&c)^(b_&c);
         var t2=(S0+mj)>>>0;
         h=g;g=f;f=e;e=(d+t1)>>>0;d=c;c=b_;b_=a;a=(t1+t2)>>>0;
      }
      H[0]=(H[0]+a)>>>0;H[1]=(H[1]+b_)>>>0;H[2]=(H[2]+c)>>>0;H[3]=(H[3]+d)>>>0;
      H[4]=(H[4]+e)>>>0;H[5]=(H[5]+f)>>>0;H[6]=(H[6]+g)>>>0;H[7]=(H[7]+h)>>>0;
   }
   var hex="";
   for(var i=0;i<8;i++)hex+=("00000000"+H[i].toString(16)).slice(-8);
   return hex.toUpperCase();
}

// ── HWID — username + computername from env vars ───────────
function licGetHWID() {
   var user = getEnvironmentVariable("USERNAME") || getEnvironmentVariable("USER") || "";
   var host = getEnvironmentVariable("COMPUTERNAME") || getEnvironmentVariable("HOSTNAME") || "";
   var raw  = (user + "_" + host).toUpperCase().replace(/[^A-Z0-9_]/g,"");
   if (raw.length >= 4) {
      // Store once for consistency
      if (!Settings.read(LIC_HWID_KEY, 13))
         Settings.write(LIC_HWID_KEY, 13, raw);
      return raw;
   }
   // Fallback: random ID stored in settings
   var stored = Settings.read(LIC_HWID_KEY, 13);
   if (stored && stored.length >= 4) return stored;
   var id = ""; var hx = "0123456789ABCDEF";
   for (var i = 0; i < 16; i++) id += hx[Math.floor(Math.random()*16)];
   Settings.write(LIC_HWID_KEY, 13, id);
   return id;
}

// ── Key validation ─────────────────────────────────────────
function licKeyForHWID(hwid) {
   var hash = licSHA256(hwid.trim().toUpperCase() + "|ASTROMAX-V1|" + LIC_SECRET);
   var groups = [];
   for (var i = 0; i < 20; i += 4) groups.push(hash.substring(i, i+4));
   return groups.join("-");
}

function licValidateKey(key) {
   if (!key) return false;
   var hwid = licGetHWID();
   var expected = licKeyForHWID(hwid);
   return key.trim().toUpperCase().replace(/\s/g,"") === expected.replace(/-/g,"").substring(0,20)
          || key.trim().toUpperCase() === expected;
}

// ── Trial ──────────────────────────────────────────────────
function licTrialDaysLeft() {
   var stored = Settings.read(LIC_TRIAL_KEY, 13);
   if (stored === null || stored === undefined) {
      Settings.write(LIC_TRIAL_KEY, 13, new Date().getTime().toString());
      return LIC_TRIAL_DAYS;
   }
   var startMs = parseFloat(stored);
   if (isNaN(startMs)) {
      Settings.write(LIC_TRIAL_KEY, 13, new Date().getTime().toString());
      return LIC_TRIAL_DAYS;
   }
   return Math.max(0, Math.floor(LIC_TRIAL_DAYS - (new Date().getTime()-startMs)/86400000));
}

function licIsActivated() {
   var key = Settings.read(LIC_SETTINGS_KEY, 13);
   return licValidateKey(key);
}

function licCheck() {
   if (licIsActivated()) return "ok";
   var d = licTrialDaysLeft();
   return d > 0 ? "trial:" + d : "expired";
}

// ── License / Activation dialog ────────────────────────────────
function licShowActivationDialog() {
   var hwid      = licGetHWID();
   var activated = licIsActivated();
   var daysLeft  = activated ? -1 : licTrialDaysLeft();

   var dlg = new Dialog();
   dlg.windowTitle = "AstroMax — License";
   dlg.userResizable = false;

   dlg.sizer = new Sizer(true); dlg.sizer.margin = 14; dlg.sizer.spacing = 8;

   var btnClose = new PushButton(dlg);
   btnClose.text = "  Close  ";
   btnClose.onClick = function() { dlg.ok(); };

   if (activated) {
      // ── Activated view — clean, no trial info ──────────────────────
      var okLbl = new Label(dlg);
      okLbl.text = "✅  License activated — thank you!";
      dlg.sizer.add(okLbl);
      dlg.sizer.addSpacing(6);
      var row = new Sizer(false); row.addStretch(); row.add(btnClose);
      dlg.sizer.add(row);
   } else {
      // ── Trial / expired view — full activation flow ──────────────
      var statusLbl = new Label(dlg);
      if (daysLeft > 0) {
         statusLbl.text = "⏳  Trial active — " + daysLeft + " day" + (daysLeft !== 1 ? "s" : "") + " remaining";
      } else {
         statusLbl.text = "❌  Trial expired — activation required";
      }

      var msgLbl = new Label(dlg);
      msgLbl.text = "Send your HWID to the author together with proof of purchase.\nYou will receive a license key by email.";
      msgLbl.wordWrapping = true; msgLbl.minWidth = 380;

      var hwidLbl = new Label(dlg);
      hwidLbl.text = "Your HWID:";
      var hwidEdit = new Edit(dlg);
      hwidEdit.text = hwid; hwidEdit.readOnly = true; hwidEdit.minWidth = 380;
      hwidEdit.toolTip = "Select all and copy (Ctrl+A, Ctrl+C)";

      var keyLbl = new Label(dlg);
      keyLbl.text = "Enter license key:";
      var keyEdit = new Edit(dlg); keyEdit.minWidth = 380;

      var feedbackLbl = new Label(dlg);
      feedbackLbl.text = ""; feedbackLbl.minWidth = 380;

      var btnActivate = new PushButton(dlg);
      btnActivate.text = "  Activate  ";
      btnActivate.onClick = function() {
         var k = keyEdit.text.trim();
         if (licValidateKey(k)) {
            Settings.write(LIC_SETTINGS_KEY, 13, k);
            feedbackLbl.text = "✅  Activated! Close and reopen the script.";
            btnActivate.enabled = false;
            keyEdit.readOnly = true;
         } else {
            feedbackLbl.text = "❌  Invalid key — make sure you sent the exact HWID above.";
         }
      };

      var btnRow = new Sizer(false); btnRow.spacing = 6;
      btnRow.add(btnActivate); btnRow.addStretch(); btnRow.add(btnClose);

      dlg.sizer.add(statusLbl);
      dlg.sizer.add(msgLbl);
      dlg.sizer.add(hwidLbl);  dlg.sizer.add(hwidEdit);
      dlg.sizer.add(keyLbl);   dlg.sizer.add(keyEdit);
      dlg.sizer.add(feedbackLbl);
      dlg.sizer.add(btnRow);
   }

   dlg.adjustToContents();
   return dlg.execute() === Dialog.Ok;
}


var VERSION = '\x32\x2e\x31\x2e\x30', TITLE = '\x41\x73\x74\x72\x6f\x4d\x61\x78\x20\x45\x61\x73\x79\x53\x74\x72\x65\x74\x63\x68\x20\x4d\x6f\x6e\x6f\x2f\x4e\x42', SCALE = 0.25, PW = 0x280, PH = 0x1e0, NB_PALETTES = {
        '\x48\x75\x62\x62\x6c\x65\x20\x28\x53\x48\x4f\x29': [
            '\x53\x49\x49',
            '\x48\x61',
            '\x4f\x49\x49\x49'
        ],
        '\x48\x4f\x4f': [
            '\x48\x61',
            '\x4f\x49\x49\x49',
            '\x4f\x49\x49\x49'
        ],
        '\x48\x4f\x53': [
            '\x48\x61',
            '\x4f\x49\x49\x49',
            '\x53\x49\x49'
        ],
        '\x46\x61\x6c\x73\x65\x20\x28\x48\x53\x4f\x29': [
            '\x48\x61',
            '\x53\x49\x49',
            '\x4f\x49\x49\x49'
        ],
        '\x4f\x49\x49\x49\x2d\x48\x4f\x4f': [
            '\x4f\x49\x49\x49',
            '\x48\x61',
            '\x4f\x49\x49\x49'
        ],
        '\x4e\x61\x74\x75\x72\x61\x6c\x20\x28\x4f\x48\x53\x29': [
            '\x4f\x49\x49\x49',
            '\x48\x61',
            '\x53\x49\x49'
        ]
    }, G_TMP = null;
if (typeof StdIcon_NoIcon === '\x75\x6e\x64\x65\x66\x69\x6e\x65\x64')
    var StdIcon_NoIcon = 0x0;
if (typeof StdIcon_Information === '\x75\x6e\x64\x65\x66\x69\x6e\x65\x64')
    var StdIcon_Information = 0x0;
if (typeof StdIcon_Warning === '\x75\x6e\x64\x65\x66\x69\x6e\x65\x64')
    var StdIcon_Warning = 0x1;
if (typeof StdIcon_Error === '\x75\x6e\x64\x65\x66\x69\x6e\x65\x64')
    var StdIcon_Error = 0x2;
function cloneImg(_0x401fb7) {
    var _0x203222 = new Image(_0x401fb7['\x77\x69\x64\x74\x68'], _0x401fb7['\x68\x65\x69\x67\x68\x74'], _0x401fb7['\x6e\x75\x6d\x62\x65\x72\x4f\x66\x43\x68\x61\x6e\x6e\x65\x6c\x73'], _0x401fb7['\x63\x6f\x6c\x6f\x72\x53\x70\x61\x63\x65'], _0x401fb7['\x62\x69\x74\x73\x50\x65\x72\x53\x61\x6d\x70\x6c\x65'], _0x401fb7['\x73\x61\x6d\x70\x6c\x65\x54\x79\x70\x65']), _0x587987 = _0x401fb7['\x77\x69\x64\x74\x68'] * _0x401fb7['\x68\x65\x69\x67\x68\x74'], _0x4e665d = new Rect(0x0, 0x0, _0x401fb7['\x77\x69\x64\x74\x68'], _0x401fb7['\x68\x65\x69\x67\x68\x74']);
    for (var _0x2b9ba2 = 0x0; _0x2b9ba2 < _0x401fb7['\x6e\x75\x6d\x62\x65\x72\x4f\x66\x43\x68\x61\x6e\x6e\x65\x6c\x73']; _0x2b9ba2++) {
        var _0x12cc19 = new Float32Array(_0x587987);
        _0x401fb7['\x67\x65\x74\x53\x61\x6d\x70\x6c\x65\x73'](_0x12cc19, _0x4e665d, _0x2b9ba2), _0x203222['\x73\x65\x74\x53\x61\x6d\x70\x6c\x65\x73'](_0x12cc19, _0x4e665d, _0x2b9ba2);
    }
    return _0x203222;
}
function scaleImage(_0x3046f4, _0x1d11f8) {
    var _0x46456d = cloneImg(_0x3046f4);
    return _0x46456d['\x72\x65\x73\x61\x6d\x70\x6c\x65'](_0x1d11f8), _0x46456d;
}
function ensureTmp(_0x540a72) {
    if (G_TMP !== null) {
        try {
            G_TMP['\x66\x6f\x72\x63\x65\x43\x6c\x6f\x73\x65']();
        } catch (_0x44a26a) {
        }
        G_TMP = null;
    }
    G_TMP = new ImageWindow(_0x540a72['\x77\x69\x64\x74\x68'], _0x540a72['\x68\x65\x69\x67\x68\x74'], _0x540a72['\x6e\x75\x6d\x62\x65\x72\x4f\x66\x43\x68\x61\x6e\x6e\x65\x6c\x73'], 0x20, !![], _0x540a72['\x6e\x75\x6d\x62\x65\x72\x4f\x66\x43\x68\x61\x6e\x6e\x65\x6c\x73'] >= 0x3, '\x41\x73\x74\x72\x6f\x4d\x61\x78\x54\x6d\x70'), G_TMP['\x6d\x61\x69\x6e\x56\x69\x65\x77']['\x62\x65\x67\x69\x6e\x50\x72\x6f\x63\x65\x73\x73'](0x0);
    var _0x423f94 = _0x540a72['\x77\x69\x64\x74\x68'] * _0x540a72['\x68\x65\x69\x67\x68\x74'], _0x391443 = new Rect(0x0, 0x0, _0x540a72['\x77\x69\x64\x74\x68'], _0x540a72['\x68\x65\x69\x67\x68\x74']);
    for (var _0x457b98 = 0x0; _0x457b98 < _0x540a72['\x6e\x75\x6d\x62\x65\x72\x4f\x66\x43\x68\x61\x6e\x6e\x65\x6c\x73']; _0x457b98++) {
        var _0x33da0b = new Float32Array(_0x423f94);
        _0x540a72['\x67\x65\x74\x53\x61\x6d\x70\x6c\x65\x73'](_0x33da0b, _0x391443, _0x457b98), G_TMP['\x6d\x61\x69\x6e\x56\x69\x65\x77']['\x69\x6d\x61\x67\x65']['\x73\x65\x74\x53\x61\x6d\x70\x6c\x65\x73'](_0x33da0b, _0x391443, _0x457b98);
    }
    G_TMP['\x6d\x61\x69\x6e\x56\x69\x65\x77']['\x65\x6e\x64\x50\x72\x6f\x63\x65\x73\x73']();
}
function runHT(_0x59c22e, _0x8d2c9b, _0x42c14c, _0x265f2d) {
    _0x8d2c9b = Math['\x6d\x61\x78'](0x0, Math['\x6d\x69\x6e'](0.98, _0x8d2c9b)), _0x265f2d = Math['\x6d\x61\x78'](_0x8d2c9b + 0.005, Math['\x6d\x69\x6e'](0x1, _0x265f2d)), _0x42c14c = Math['\x6d\x61\x78'](0.001, Math['\x6d\x69\x6e'](0.999, _0x42c14c)), ensureTmp(_0x59c22e);
    var _0x4732da = new HistogramTransformation();
    _0x4732da['\x48'] = [
        [
            _0x8d2c9b,
            _0x42c14c,
            _0x265f2d,
            0x0,
            0x1
        ],
        [
            _0x8d2c9b,
            _0x42c14c,
            _0x265f2d,
            0x0,
            0x1
        ],
        [
            _0x8d2c9b,
            _0x42c14c,
            _0x265f2d,
            0x0,
            0x1
        ],
        [
            0x0,
            0.5,
            0x1,
            0x0,
            0x1
        ],
        [
            _0x8d2c9b,
            _0x42c14c,
            _0x265f2d,
            0x0,
            0x1
        ]
    ], _0x4732da['\x65\x78\x65\x63\x75\x74\x65\x4f\x6e'](G_TMP['\x6d\x61\x69\x6e\x56\x69\x65\x77']);
    var _0x5b7ec1 = _0x59c22e['\x77\x69\x64\x74\x68'] * _0x59c22e['\x68\x65\x69\x67\x68\x74'], _0x47883d = new Rect(0x0, 0x0, _0x59c22e['\x77\x69\x64\x74\x68'], _0x59c22e['\x68\x65\x69\x67\x68\x74']);
    for (var _0x25d05f = 0x0; _0x25d05f < _0x59c22e['\x6e\x75\x6d\x62\x65\x72\x4f\x66\x43\x68\x61\x6e\x6e\x65\x6c\x73']; _0x25d05f++) {
        var _0x151663 = new Float32Array(_0x5b7ec1);
        G_TMP['\x6d\x61\x69\x6e\x56\x69\x65\x77']['\x69\x6d\x61\x67\x65']['\x67\x65\x74\x53\x61\x6d\x70\x6c\x65\x73'](_0x151663, _0x47883d, _0x25d05f), _0x59c22e['\x73\x65\x74\x53\x61\x6d\x70\x6c\x65\x73'](_0x151663, _0x47883d, _0x25d05f);
    }
}
function applyMTF(_0x3a15f4, _0x403f18) {
    if (_0x403f18 <= 0x0)
        return 0x0;
    if (_0x403f18 >= 0x1)
        return 0x1;
    return (_0x3a15f4 - 0x1) * _0x403f18 / ((0x2 * _0x3a15f4 - 0x1) * _0x403f18 - _0x3a15f4);
}
function normParams(_0x3e6448) {
    return {
        '\x6c\x6f': 0x0,
        '\x72\x61\x6e\x67\x65': 0x1,
        '\x6d\x69\x64': 0.5
    };
}
function cloneParams(_0x353f4c) {
    var _0x447cac = {};
    for (var _0x260faf in _0x353f4c)
        if (Object['\x70\x72\x6f\x74\x6f\x74\x79\x70\x65']['\x68\x61\x73\x4f\x77\x6e\x50\x72\x6f\x70\x65\x72\x74\x79']['\x63\x61\x6c\x6c'](_0x353f4c, _0x260faf))
            _0x447cac[_0x260faf] = _0x353f4c[_0x260faf];
    return _0x447cac;
}
function paramsEqual(_0x19ddc2, _0x35a58b) {
    if (!_0x19ddc2 || !_0x35a58b)
        return ![];
    var _0x469fec;
    for (_0x469fec in _0x19ddc2)
        if (Object['\x70\x72\x6f\x74\x6f\x74\x79\x70\x65']['\x68\x61\x73\x4f\x77\x6e\x50\x72\x6f\x70\x65\x72\x74\x79']['\x63\x61\x6c\x6c'](_0x19ddc2, _0x469fec) && _0x19ddc2[_0x469fec] !== _0x35a58b[_0x469fec])
            return ![];
    for (_0x469fec in _0x35a58b)
        if (Object['\x70\x72\x6f\x74\x6f\x74\x79\x70\x65']['\x68\x61\x73\x4f\x77\x6e\x50\x72\x6f\x70\x65\x72\x74\x79']['\x63\x61\x6c\x6c'](_0x35a58b, _0x469fec) && _0x19ddc2[_0x469fec] !== _0x35a58b[_0x469fec])
            return ![];
    return !![];
}
function stfParams(_0x40bc7a) {
    var _0xc6c059 = _0x40bc7a['\x77\x69\x64\x74\x68'], _0xd84558 = _0x40bc7a['\x68\x65\x69\x67\x68\x74'], _0x402c33 = _0x40bc7a['\x6e\x75\x6d\x62\x65\x72\x4f\x66\x43\x68\x61\x6e\x6e\x65\x6c\x73'], _0x3dea29 = _0x402c33 >= 0x3 ? 0x1 : 0x0, _0x1cfd42 = Math['\x6d\x61\x78'](0x2, Math['\x66\x6c\x6f\x6f\x72'](Math['\x6d\x69\x6e'](_0xc6c059, _0xd84558) / 0x78)), _0x483995 = [];
    for (var _0x5a7708 = 0x0; _0x5a7708 < _0xd84558; _0x5a7708 += _0x1cfd42)
        for (var _0x453cf0 = 0x0; _0x453cf0 < _0xc6c059; _0x453cf0 += _0x1cfd42)
            _0x483995['\x70\x75\x73\x68'](_0x40bc7a['\x73\x61\x6d\x70\x6c\x65'](_0x453cf0, _0x5a7708, _0x3dea29));
    _0x483995['\x73\x6f\x72\x74'](function (_0x4e84e9, _0x284e37) {
        return _0x4e84e9 - _0x284e37;
    });
    var _0x8a83bf = _0x483995[Math['\x66\x6c\x6f\x6f\x72'](_0x483995['\x6c\x65\x6e\x67\x74\x68'] * 0.5)];
    if (_0x8a83bf > 0.05)
        return {
            '\x6c\x6f': 0x0,
            '\x72\x61\x6e\x67\x65': 0x1,
            '\x6d\x69\x64': 0.5
        };
    var _0x298988 = [];
    for (var _0x2849c5 = 0x0; _0x2849c5 < _0x483995['\x6c\x65\x6e\x67\x74\x68']; _0x2849c5++)
        _0x298988['\x70\x75\x73\x68'](Math['\x61\x62\x73'](_0x483995[_0x2849c5] - _0x8a83bf));
    _0x298988['\x73\x6f\x72\x74'](function (_0x19a72a, _0x526358) {
        return _0x19a72a - _0x526358;
    });
    var _0x3567bf = _0x298988[Math['\x66\x6c\x6f\x6f\x72'](_0x298988['\x6c\x65\x6e\x67\x74\x68'] * 0.5)];
    if (_0x3567bf < 0.000001)
        _0x3567bf = Math['\x6d\x61\x78'](0.000001, _0x8a83bf * 0.15);
    var _0x5c1fde = _0x3567bf * 1.4826, _0x252d43 = Math['\x6d\x61\x78'](0x0, _0x8a83bf - 2.8 * _0x5c1fde), _0x482cb9 = Math['\x6d\x61\x78'](0.005, (_0x8a83bf - _0x252d43) / Math['\x6d\x61\x78'](0.00001, 0x1 - _0x252d43)), _0x2bf730 = 0.25, _0xb71bf3 = _0x482cb9 * (_0x2bf730 - 0x1) / (_0x482cb9 * (0x2 * _0x2bf730 - 0x1) - _0x2bf730);
    return _0xb71bf3 = Math['\x6d\x61\x78'](0.01, Math['\x6d\x69\x6e'](0.49, _0xb71bf3)), {
        '\x6c\x6f': _0x252d43,
        '\x72\x61\x6e\x67\x65': 0x1 - _0x252d43,
        '\x6d\x69\x64': _0xb71bf3
    };
}
function renderFull(_0x275727, _0x5075d3, _0x39ac4f, _0x4e7ccf) {
    var _0x26f9d4 = _0x4e7ccf || normParams(_0x275727), _0x8a91c2 = _0x275727['\x77\x69\x64\x74\x68'], _0x1b004d = _0x275727['\x68\x65\x69\x67\x68\x74'], _0x6a6e37 = new Bitmap(_0x5075d3, _0x39ac4f);
    _0x6a6e37['\x66\x69\x6c\x6c'](0xff000000);
    var _0x56c28f = Math['\x6d\x69\x6e'](_0x5075d3 / _0x8a91c2, _0x39ac4f / _0x1b004d), _0x22cb38 = Math['\x72\x6f\x75\x6e\x64'](_0x8a91c2 * _0x56c28f), _0x1fb718 = Math['\x72\x6f\x75\x6e\x64'](_0x1b004d * _0x56c28f), _0x4715c2 = Math['\x66\x6c\x6f\x6f\x72']((_0x5075d3 - _0x22cb38) / 0x2), _0x3ed691 = Math['\x66\x6c\x6f\x6f\x72']((_0x39ac4f - _0x1fb718) / 0x2), _0x3760f4 = _0x275727['\x6e\x75\x6d\x62\x65\x72\x4f\x66\x43\x68\x61\x6e\x6e\x65\x6c\x73'], _0x396140 = _0x3760f4 >= 0x3;
    for (var _0x1b5f31 = 0x0; _0x1b5f31 < _0x1fb718; _0x1b5f31++) {
        var _0xe140f7 = Math['\x66\x6c\x6f\x6f\x72'](_0x1b5f31 * _0x1b004d / _0x1fb718);
        for (var _0x25c84c = 0x0; _0x25c84c < _0x22cb38; _0x25c84c++) {
            var _0xd4fa49 = Math['\x66\x6c\x6f\x6f\x72'](_0x25c84c * _0x8a91c2 / _0x22cb38), _0x396e48, _0x35115f, _0x35cf95;
            if (_0x396140)
                _0x396e48 = applyMTF(_0x26f9d4['\x6d\x69\x64'], (_0x275727['\x73\x61\x6d\x70\x6c\x65'](_0xd4fa49, _0xe140f7, 0x0) - _0x26f9d4['\x6c\x6f']) / _0x26f9d4['\x72\x61\x6e\x67\x65']), _0x35115f = applyMTF(_0x26f9d4['\x6d\x69\x64'], (_0x275727['\x73\x61\x6d\x70\x6c\x65'](_0xd4fa49, _0xe140f7, 0x1) - _0x26f9d4['\x6c\x6f']) / _0x26f9d4['\x72\x61\x6e\x67\x65']), _0x35cf95 = applyMTF(_0x26f9d4['\x6d\x69\x64'], (_0x275727['\x73\x61\x6d\x70\x6c\x65'](_0xd4fa49, _0xe140f7, 0x2) - _0x26f9d4['\x6c\x6f']) / _0x26f9d4['\x72\x61\x6e\x67\x65']);
            else {
                var _0x2f08b5 = applyMTF(_0x26f9d4['\x6d\x69\x64'], (_0x275727['\x73\x61\x6d\x70\x6c\x65'](_0xd4fa49, _0xe140f7, 0x0) - _0x26f9d4['\x6c\x6f']) / _0x26f9d4['\x72\x61\x6e\x67\x65']);
                _0x396e48 = _0x35115f = _0x35cf95 = _0x2f08b5;
            }
            _0x396e48 = Math['\x6d\x61\x78'](0x0, Math['\x6d\x69\x6e'](0x1, _0x396e48)), _0x35115f = Math['\x6d\x61\x78'](0x0, Math['\x6d\x69\x6e'](0x1, _0x35115f)), _0x35cf95 = Math['\x6d\x61\x78'](0x0, Math['\x6d\x69\x6e'](0x1, _0x35cf95)), _0x6a6e37['\x73\x65\x74\x50\x69\x78\x65\x6c'](_0x4715c2 + _0x25c84c, _0x3ed691 + _0x1b5f31, 0xff000000 | Math['\x72\x6f\x75\x6e\x64'](_0x396e48 * 0xff) << 0x10 | Math['\x72\x6f\x75\x6e\x64'](_0x35115f * 0xff) << 0x8 | Math['\x72\x6f\x75\x6e\x64'](_0x35cf95 * 0xff));
        }
    }
    return _0x6a6e37;
}
function renderZoom(_0x16ddad, _0x584c37, _0x3f4e62, _0x558e6b, _0x4bb56e, _0x33a017, _0x2f7413) {
    var _0x394912 = _0x2f7413 || normParams(_0x16ddad), _0x48ad21 = _0x16ddad['\x77\x69\x64\x74\x68'], _0x5c3d67 = _0x16ddad['\x68\x65\x69\x67\x68\x74'], _0x64840c = new Bitmap(_0x4bb56e, _0x33a017);
    _0x64840c['\x66\x69\x6c\x6c'](0xff000000);
    var _0x15a109 = Math['\x72\x6f\x75\x6e\x64'](_0x4bb56e / _0x558e6b), _0x37c828 = Math['\x72\x6f\x75\x6e\x64'](_0x33a017 / _0x558e6b), _0x3f8f36 = Math['\x72\x6f\x75\x6e\x64'](_0x584c37 - _0x15a109 / 0x2), _0x5bb02a = Math['\x72\x6f\x75\x6e\x64'](_0x3f4e62 - _0x37c828 / 0x2);
    _0x3f8f36 = Math['\x6d\x61\x78'](0x0, Math['\x6d\x69\x6e'](_0x48ad21 - _0x15a109, _0x3f8f36)), _0x5bb02a = Math['\x6d\x61\x78'](0x0, Math['\x6d\x69\x6e'](_0x5c3d67 - _0x37c828, _0x5bb02a));
    var _0x2950bf = _0x16ddad['\x6e\x75\x6d\x62\x65\x72\x4f\x66\x43\x68\x61\x6e\x6e\x65\x6c\x73'], _0x2183c8 = _0x2950bf >= 0x3;
    for (var _0x545823 = 0x0; _0x545823 < _0x33a017; _0x545823++) {
        var _0x42e5db = _0x5bb02a + Math['\x66\x6c\x6f\x6f\x72'](_0x545823 / _0x558e6b);
        if (_0x42e5db < 0x0 || _0x42e5db >= _0x5c3d67)
            continue;
        for (var _0x1fcd6b = 0x0; _0x1fcd6b < _0x4bb56e; _0x1fcd6b++) {
            var _0x24e06c = _0x3f8f36 + Math['\x66\x6c\x6f\x6f\x72'](_0x1fcd6b / _0x558e6b);
            if (_0x24e06c < 0x0 || _0x24e06c >= _0x48ad21)
                continue;
            var _0x12834c, _0x163829, _0x3fd41c;
            if (_0x2183c8)
                _0x12834c = applyMTF(_0x394912['\x6d\x69\x64'], (_0x16ddad['\x73\x61\x6d\x70\x6c\x65'](_0x24e06c, _0x42e5db, 0x0) - _0x394912['\x6c\x6f']) / _0x394912['\x72\x61\x6e\x67\x65']), _0x163829 = applyMTF(_0x394912['\x6d\x69\x64'], (_0x16ddad['\x73\x61\x6d\x70\x6c\x65'](_0x24e06c, _0x42e5db, 0x1) - _0x394912['\x6c\x6f']) / _0x394912['\x72\x61\x6e\x67\x65']), _0x3fd41c = applyMTF(_0x394912['\x6d\x69\x64'], (_0x16ddad['\x73\x61\x6d\x70\x6c\x65'](_0x24e06c, _0x42e5db, 0x2) - _0x394912['\x6c\x6f']) / _0x394912['\x72\x61\x6e\x67\x65']);
            else {
                var _0x552d5e = applyMTF(_0x394912['\x6d\x69\x64'], (_0x16ddad['\x73\x61\x6d\x70\x6c\x65'](_0x24e06c, _0x42e5db, 0x0) - _0x394912['\x6c\x6f']) / _0x394912['\x72\x61\x6e\x67\x65']);
                _0x12834c = _0x163829 = _0x3fd41c = _0x552d5e;
            }
            _0x12834c = Math['\x6d\x61\x78'](0x0, Math['\x6d\x69\x6e'](0x1, _0x12834c)), _0x163829 = Math['\x6d\x61\x78'](0x0, Math['\x6d\x69\x6e'](0x1, _0x163829)), _0x3fd41c = Math['\x6d\x61\x78'](0x0, Math['\x6d\x69\x6e'](0x1, _0x3fd41c)), _0x64840c['\x73\x65\x74\x50\x69\x78\x65\x6c'](_0x1fcd6b, _0x545823, 0xff000000 | Math['\x72\x6f\x75\x6e\x64'](_0x12834c * 0xff) << 0x10 | Math['\x72\x6f\x75\x6e\x64'](_0x163829 * 0xff) << 0x8 | Math['\x72\x6f\x75\x6e\x64'](_0x3fd41c * 0xff));
        }
    }
    return _0x64840c;
}
function defaultParams() {
    return {
        '\x64\x6f\x4c\x69\x6e\x65\x61\x72\x46\x69\x74': ![],
        '\x62\x6c\x61\x63\x6b\x70\x6f\x69\x6e\x74': 0x0,
        '\x74\x61\x72\x67\x65\x74\x4d\x65\x64': 0x0,
        '\x67\x65\x6e\x53\x74\x72\x65\x74\x63\x68': 0x0,
        '\x68\x64\x72\x53\x74\x72\x65\x6e\x67\x74\x68': 0x0,
        '\x63\x6f\x6e\x74\x72\x61\x73\x74\x42\x6f\x6f\x73\x74': 0x0,
        '\x62\x67\x42\x72\x69\x67\x68\x74\x6e\x65\x73\x73': 0x0,
        '\x6d\x69\x64\x42\x72\x69\x67\x68\x74\x6e\x65\x73\x73': 0x0,
        '\x68\x69\x43\x6c\x69\x70': 0x0,
        '\x73\x61\x74\x75\x72\x61\x74\x69\x6f\x6e': 0x1,
        '\x73\x61\x74\x4d\x61\x73\x6b': 0x0,
        '\x73\x61\x74\x4d\x61\x73\x6b\x49\x6e\x76\x65\x72\x74': ![],
        '\x73\x6b\x79\x53\x6d\x6f\x6f\x74\x68': 0x0,
        '\x62\x67\x4c\x6f\x63\x6b': ![],
        '\x62\x67\x54\x61\x72\x67\x65\x74': 0.12,
        '\x62\x67\x44\x65\x74\x65\x63\x74\x65\x64': 0x0,
        '\x73\x61\x74\x52': 0x1,
        '\x73\x61\x74\x47': 0x1,
        '\x73\x61\x74\x42': 0x1,
        '\x63\x6f\x72\x72\x65\x63\x74\x4d\x61\x67\x65\x6e\x74\x61': ![],
        '\x63\x6f\x6d\x70\x6f\x73\x65\x4d\x6f\x64\x65': '\x6d\x6f\x6e\x6f',
        '\x6e\x62\x50\x61\x6c\x65\x74\x74\x65': 0x0,
        '\x6e\x62\x53\x63\x6e\x72': 0x0,
        '\x6e\x62\x4f\x69\x69\x69\x42\x6f\x6f\x73\x74': 0x1,
        '\x6e\x62\x53\x69\x69\x42\x6f\x6f\x73\x74': 0x1,
        '\x6e\x62\x48\x61\x42\x6c\x65\x6e\x64': 0x0,
        '\x6e\x62\x48\x61\x4c\x75\x6d': ![],
        '\x70\x72\x65\x73\x65\x74\x4e\x61\x6d\x65': ''
    };
}
function autoStretchParams(_0x17e988, _0xab6a15) {
    var _0x5e8671 = _0x17e988['\x6e\x75\x6d\x62\x65\x72\x4f\x66\x43\x68\x61\x6e\x6e\x65\x6c\x73'], _0x3c2d3a = _0x5e8671 >= 0x3 ? 0x1 : 0x0, _0x3e412c = _0x17e988['\x77\x69\x64\x74\x68'], _0x38e3d8 = _0x17e988['\x68\x65\x69\x67\x68\x74'], _0x4c56ef = Math['\x6d\x61\x78'](0x4, Math['\x66\x6c\x6f\x6f\x72'](Math['\x6d\x69\x6e'](_0x3e412c, _0x38e3d8) / 0x64)), _0x2c2fb6 = [];
    for (var _0xe0c4a1 = 0x0; _0xe0c4a1 < _0x38e3d8; _0xe0c4a1 += _0x4c56ef)
        for (var _0x35c139 = 0x0; _0x35c139 < _0x3e412c; _0x35c139 += _0x4c56ef)
            _0x2c2fb6['\x70\x75\x73\x68'](_0x17e988['\x73\x61\x6d\x70\x6c\x65'](_0x35c139, _0xe0c4a1, _0x3c2d3a));
    _0x2c2fb6['\x73\x6f\x72\x74'](function (_0xa2c5, _0x50ad54) {
        return _0xa2c5 - _0x50ad54;
    });
    var _0x519a8a = _0x2c2fb6[Math['\x66\x6c\x6f\x6f\x72'](_0x2c2fb6['\x6c\x65\x6e\x67\x74\x68'] * 0.5)], _0x1bc124 = [];
    for (var _0x22d61b = 0x0; _0x22d61b < _0x2c2fb6['\x6c\x65\x6e\x67\x74\x68']; _0x22d61b++)
        _0x1bc124['\x70\x75\x73\x68'](Math['\x61\x62\x73'](_0x2c2fb6[_0x22d61b] - _0x519a8a));
    _0x1bc124['\x73\x6f\x72\x74'](function (_0x23a0d3, _0x35465a) {
        return _0x23a0d3 - _0x35465a;
    });
    var _0x5ee4b6 = _0x1bc124[Math['\x66\x6c\x6f\x6f\x72'](_0x1bc124['\x6c\x65\x6e\x67\x74\x68'] * 0.5)] * 1.4826, _0x36a5b1 = Math['\x6d\x61\x78'](0x0, _0x519a8a - 2.8 * _0x5ee4b6);
    _0x36a5b1 = Math['\x6d\x69\x6e'](_0x36a5b1, 0.08);
    var _0x4a6a59 = _0xab6a15 ? 0.14 : 0.12;
    return {
        '\x62\x6c\x61\x63\x6b\x70\x6f\x69\x6e\x74': _0x36a5b1,
        '\x74\x61\x72\x67\x65\x74\x4d\x65\x64': _0x4a6a59
    };
}
function masStretchImage(_0xd401ff) {
    var _0x185939 = new ImageWindow(_0xd401ff['\x77\x69\x64\x74\x68'], _0xd401ff['\x68\x65\x69\x67\x68\x74'], _0xd401ff['\x6e\x75\x6d\x62\x65\x72\x4f\x66\x43\x68\x61\x6e\x6e\x65\x6c\x73'], 0x20, !![], _0xd401ff['\x6e\x75\x6d\x62\x65\x72\x4f\x66\x43\x68\x61\x6e\x6e\x65\x6c\x73'] >= 0x3, '\x5f\x61\x6d\x78\x5f\x6d\x61\x73\x5f\x74\x6d\x70');
    _0x185939['\x6d\x61\x69\x6e\x56\x69\x65\x77']['\x62\x65\x67\x69\x6e\x50\x72\x6f\x63\x65\x73\x73'](0x0), _0x185939['\x6d\x61\x69\x6e\x56\x69\x65\x77']['\x69\x6d\x61\x67\x65']['\x61\x73\x73\x69\x67\x6e'](_0xd401ff), _0x185939['\x6d\x61\x69\x6e\x56\x69\x65\x77']['\x65\x6e\x64\x50\x72\x6f\x63\x65\x73\x73']();
    var _0x4673a7 = new MultiscaleAdaptiveStretch();
    _0x4673a7['\x61\x67\x67\x72\x65\x73\x73\x69\x76\x65\x6e\x65\x73\x73'] = 0.7, _0x4673a7['\x74\x61\x72\x67\x65\x74\x42\x61\x63\x6b\x67\x72\x6f\x75\x6e\x64'] = 0.15, _0x4673a7['\x64\x79\x6e\x61\x6d\x69\x63\x52\x61\x6e\x67\x65\x43\x6f\x6d\x70\x72\x65\x73\x73\x69\x6f\x6e'] = 0.4, _0x4673a7['\x63\x6f\x6e\x74\x72\x61\x73\x74\x52\x65\x63\x6f\x76\x65\x72\x79'] = !![], _0x4673a7['\x73\x63\x61\x6c\x65\x53\x65\x70\x61\x72\x61\x74\x69\x6f\x6e'] = 0x400, _0x4673a7['\x63\x6f\x6e\x74\x72\x61\x73\x74\x52\x65\x63\x6f\x76\x65\x72\x79\x49\x6e\x74\x65\x6e\x73\x69\x74\x79'] = 0x1, _0x4673a7['\x70\x72\x65\x76\x69\x65\x77\x4c\x61\x72\x67\x65\x53\x63\x61\x6c\x65'] = ![], _0x4673a7['\x73\x61\x74\x75\x72\x61\x74\x69\x6f\x6e\x45\x6e\x61\x62\x6c\x65\x64'] = _0xd401ff['\x6e\x75\x6d\x62\x65\x72\x4f\x66\x43\x68\x61\x6e\x6e\x65\x6c\x73'] >= 0x3, _0x4673a7['\x73\x61\x74\x75\x72\x61\x74\x69\x6f\x6e\x41\x6d\x6f\x75\x6e\x74'] = 0.75, _0x4673a7['\x73\x61\x74\x75\x72\x61\x74\x69\x6f\x6e\x42\x6f\x6f\x73\x74'] = 0.5, _0x4673a7['\x73\x61\x74\x75\x72\x61\x74\x69\x6f\x6e\x4c\x69\x67\x68\x74\x6e\x65\x73\x73\x4d\x61\x73\x6b'] = !![], _0x4673a7['\x62\x61\x63\x6b\x67\x72\x6f\x75\x6e\x64\x52\x4f\x49\x45\x6e\x61\x62\x6c\x65\x64'] = ![], _0x4673a7['\x62\x61\x63\x6b\x67\x72\x6f\x75\x6e\x64\x52\x4f\x49\x58\x30'] = 0x0, _0x4673a7['\x62\x61\x63\x6b\x67\x72\x6f\x75\x6e\x64\x52\x4f\x49\x59\x30'] = 0x0, _0x4673a7['\x62\x61\x63\x6b\x67\x72\x6f\x75\x6e\x64\x52\x4f\x49\x57\x69\x64\x74\x68'] = 0x0, _0x4673a7['\x62\x61\x63\x6b\x67\x72\x6f\x75\x6e\x64\x52\x4f\x49\x48\x65\x69\x67\x68\x74'] = 0x0, _0x4673a7['\x65\x78\x65\x63\x75\x74\x65\x4f\x6e'](_0x185939['\x6d\x61\x69\x6e\x56\x69\x65\x77']);
    var _0x131bbc = cloneImg(_0x185939['\x6d\x61\x69\x6e\x56\x69\x65\x77']['\x69\x6d\x61\x67\x65']);
    return _0x185939['\x66\x6f\x72\x63\x65\x43\x6c\x6f\x73\x65'](), _0x131bbc;
}
function winHasSolution(_0x518f76) {
    try {
        if (_0x518f76['\x68\x61\x73\x41\x73\x74\x72\x6f\x6d\x65\x74\x72\x69\x63\x53\x6f\x6c\x75\x74\x69\x6f\x6e'])
            return !![];
    } catch (_0x454874) {
    }
    try {
        var _0x1bc75b = _0x518f76['\x6b\x65\x79\x77\x6f\x72\x64\x73'];
        for (var _0x2232e3 = 0x0; _0x2232e3 < _0x1bc75b['\x6c\x65\x6e\x67\x74\x68']; _0x2232e3++) {
            var _0x54f14b = _0x1bc75b[_0x2232e3]['\x6e\x61\x6d\x65']['\x74\x6f\x55\x70\x70\x65\x72\x43\x61\x73\x65']();
            if (_0x54f14b === '\x43\x44\x31\x5f\x31' || _0x54f14b === '\x43\x44\x45\x4c\x54\x31')
                return !![];
        }
    } catch (_0x772d58) {
    }
    return ![];
}
function spccCalibrateImage(_0x99ec83, _0x19c238) {
    var _0x2808a7 = new ImageWindow(_0x99ec83['\x77\x69\x64\x74\x68'], _0x99ec83['\x68\x65\x69\x67\x68\x74'], _0x99ec83['\x6e\x75\x6d\x62\x65\x72\x4f\x66\x43\x68\x61\x6e\x6e\x65\x6c\x73'], 0x20, !![], _0x99ec83['\x6e\x75\x6d\x62\x65\x72\x4f\x66\x43\x68\x61\x6e\x6e\x65\x6c\x73'] >= 0x3, '\x5f\x61\x6d\x78\x5f\x73\x70\x63\x63\x5f\x74\x6d\x70');
    _0x2808a7['\x6d\x61\x69\x6e\x56\x69\x65\x77']['\x62\x65\x67\x69\x6e\x50\x72\x6f\x63\x65\x73\x73'](0x0), _0x2808a7['\x6d\x61\x69\x6e\x56\x69\x65\x77']['\x69\x6d\x61\x67\x65']['\x61\x73\x73\x69\x67\x6e'](_0x99ec83), _0x2808a7['\x6d\x61\x69\x6e\x56\x69\x65\x77']['\x65\x6e\x64\x50\x72\x6f\x63\x65\x73\x73']();
    if (_0x19c238 && !_0x19c238['\x69\x73\x4e\x75\x6c\x6c']) {
        try {
            _0x2808a7['\x6b\x65\x79\x77\x6f\x72\x64\x73'] = _0x19c238['\x6b\x65\x79\x77\x6f\x72\x64\x73'];
        } catch (_0x133ed0) {
        }
        try {
            _0x2808a7['\x63\x6f\x70\x79\x41\x73\x74\x72\x6f\x6d\x65\x74\x72\x69\x63\x53\x6f\x6c\x75\x74\x69\x6f\x6e'](_0x19c238);
        } catch (_0x542e9) {
        }
    }
    if (!winHasSolution(_0x2808a7))
        return _0x2808a7['\x66\x6f\x72\x63\x65\x43\x6c\x6f\x73\x65'](), null;
    try {
        var _0x289f30 = new SpectrophotometricColorCalibration();
        _0x289f30['\x65\x78\x65\x63\x75\x74\x65\x4f\x6e'](_0x2808a7['\x6d\x61\x69\x6e\x56\x69\x65\x77']);
        var _0x4c0735 = cloneImg(_0x2808a7['\x6d\x61\x69\x6e\x56\x69\x65\x77']['\x69\x6d\x61\x67\x65']);
        return _0x2808a7['\x66\x6f\x72\x63\x65\x43\x6c\x6f\x73\x65'](), _0x4c0735;
    } catch (_0x55882c) {
        _0x2808a7['\x66\x6f\x72\x63\x65\x43\x6c\x6f\x73\x65']();
        throw _0x55882c;
    }
}
function amxVerCmp(_0x27feac, _0x19335e) {
    var _0x4e9e33 = String(_0x27feac)['\x72\x65\x70\x6c\x61\x63\x65'](/^[^\d]*/, '')['\x73\x70\x6c\x69\x74'](/[.\-+]/), _0x3b56a5 = String(_0x19335e)['\x72\x65\x70\x6c\x61\x63\x65'](/^[^\d]*/, '')['\x73\x70\x6c\x69\x74'](/[.\-+]/);
    for (var _0x5f1793 = 0x0; _0x5f1793 < Math['\x6d\x61\x78'](_0x4e9e33['\x6c\x65\x6e\x67\x74\x68'], _0x3b56a5['\x6c\x65\x6e\x67\x74\x68']); _0x5f1793++) {
        var _0x505b3b = parseInt(_0x4e9e33[_0x5f1793], 0xa) || 0x0, _0x1bd8c4 = parseInt(_0x3b56a5[_0x5f1793], 0xa) || 0x0;
        if (_0x505b3b !== _0x1bd8c4)
            return _0x505b3b - _0x1bd8c4;
    }
    return 0x0;
}
function amxCheckUpdate(_0x58bbe1, _0x352fc3, _0x511045) {
    try {
        var _0x5dd1ba = new NetworkTransfer();
        _0x5dd1ba['\x73\x65\x74\x55\x52\x4c']('\x68\x74\x74\x70\x73\x3a\x2f\x2f\x61\x70\x69\x2e\x67\x69\x74\x68\x75\x62\x2e\x63\x6f\x6d\x2f\x72\x65\x70\x6f\x73\x2f' + _0x352fc3 + '\x2f\x72\x65\x6c\x65\x61\x73\x65\x73\x2f\x6c\x61\x74\x65\x73\x74');
        try {
            _0x5dd1ba['\x73\x65\x74\x53\x53\x4c']();
        } catch (_0x5c324b) {
        }
        try {
            _0x5dd1ba['\x73\x65\x74\x43\x6f\x6e\x6e\x65\x63\x74\x69\x6f\x6e\x54\x69\x6d\x65\x6f\x75\x74'](0x5);
        } catch (_0x278e38) {
        }
        try {
            _0x5dd1ba['\x73\x65\x74\x43\x75\x73\x74\x6f\x6d\x48\x54\x54\x50\x48\x65\x61\x64\x65\x72\x73']([
                '\x55\x73\x65\x72\x2d\x41\x67\x65\x6e\x74\x3a\x20\x41\x73\x74\x72\x6f\x4d\x61\x78',
                '\x41\x63\x63\x65\x70\x74\x3a\x20\x61\x70\x70\x6c\x69\x63\x61\x74\x69\x6f\x6e\x2f\x76\x6e\x64\x2e\x67\x69\x74\x68\x75\x62\x2b\x6a\x73\x6f\x6e'
            ]);
        } catch (_0x19b5db) {
        }
        _0x5dd1ba['\x64\x6f\x77\x6e\x6c\x6f\x61\x64\x44\x61\x74\x61'] = new ByteArray(), _0x5dd1ba['\x6f\x6e\x44\x6f\x77\x6e\x6c\x6f\x61\x64\x44\x61\x74\x61\x41\x76\x61\x69\x6c\x61\x62\x6c\x65'] = function (_0x5ddf1d) {
            return this['\x64\x6f\x77\x6e\x6c\x6f\x61\x64\x44\x61\x74\x61']['\x61\x64\x64'](_0x5ddf1d), !![];
        };
        var _0x2a011e = _0x5dd1ba['\x64\x6f\x77\x6e\x6c\x6f\x61\x64']();
        try {
            _0x5dd1ba['\x63\x6c\x6f\x73\x65\x43\x6f\x6e\x6e\x65\x63\x74\x69\x6f\x6e']();
        } catch (_0x536957) {
        }
        if (!_0x2a011e) {
            try {
                new MessageBox('\x43\x6f\x75\x6c\x64\x20\x6e\x6f\x74\x20\x63\x68\x65\x63\x6b\x20\x66\x6f\x72\x20\x75\x70\x64\x61\x74\x65\x73\x2e\x0a\x43\x68\x65\x63\x6b\x20\x79\x6f\x75\x72\x20\x69\x6e\x74\x65\x72\x6e\x65\x74\x20\x63\x6f\x6e\x6e\x65\x63\x74\x69\x6f\x6e\x2e', _0x58bbe1 + '\x20\x2d\x20\x55\x70\x64\x61\x74\x65')['\x65\x78\x65\x63\x75\x74\x65']();
            } catch (_0x2b269c) {
            }
            return;
        }
        var _0x46953a = JSON['\x70\x61\x72\x73\x65'](_0x5dd1ba['\x64\x6f\x77\x6e\x6c\x6f\x61\x64\x44\x61\x74\x61']['\x74\x6f\x53\x74\x72\x69\x6e\x67']()), _0x71f4b2 = ((_0x46953a['\x74\x61\x67\x5f\x6e\x61\x6d\x65'] || _0x46953a['\x6e\x61\x6d\x65'] || '') + '')['\x74\x72\x69\x6d']();
        if (!_0x71f4b2)
            return;
        var _0x508ebd = _0x46953a['\x68\x74\x6d\x6c\x5f\x75\x72\x6c'] || '\x68\x74\x74\x70\x73\x3a\x2f\x2f\x67\x69\x74\x68\x75\x62\x2e\x63\x6f\x6d\x2f' + _0x352fc3 + '\x2f\x72\x65\x6c\x65\x61\x73\x65\x73\x2f\x6c\x61\x74\x65\x73\x74';
        if (amxVerCmp(_0x71f4b2, _0x511045) > 0x0) {
            var _0x5b34c1 = new Dialog();
            _0x5b34c1['\x77\x69\x6e\x64\x6f\x77\x54\x69\x74\x6c\x65'] = _0x58bbe1 + '\x20\u2014\x20\x55\x70\x64\x61\x74\x65\x20\x61\x76\x61\x69\x6c\x61\x62\x6c\x65';
            var _0x4721b7 = new Label(_0x5b34c1);
            _0x4721b7['\x77\x6f\x72\x64\x57\x72\x61\x70\x70\x69\x6e\x67'] = !![], _0x4721b7['\x75\x73\x65\x52\x69\x63\x68\x54\x65\x78\x74'] = !![], _0x4721b7['\x74\x65\x78\x74'] = '\x3c\x62\x3e\x41\x20\x6e\x65\x77\x20\x76\x65\x72\x73\x69\x6f\x6e\x20\x69\x73\x20\x61\x76\x61\x69\x6c\x61\x62\x6c\x65\x3a\x20' + _0x71f4b2 + '\x3c\x2f\x62\x3e\x3c\x62\x72\x3e\x59\x6f\x75\x20\x68\x61\x76\x65\x20\x76' + _0x511045 + '\x2e\x3c\x62\x72\x3e\x3c\x62\x72\x3e' + _0x508ebd;
            try {
                _0x4721b7['\x73\x65\x74\x4d\x69\x6e\x57\x69\x64\x74\x68'](0x168);
            } catch (_0x582efa) {
            }
            var _0x2e4807 = new PushButton(_0x5b34c1);
            _0x2e4807['\x74\x65\x78\x74'] = '\u2b07\x20\x44\x6f\x77\x6e\x6c\x6f\x61\x64', _0x2e4807['\x6f\x6e\x43\x6c\x69\x63\x6b'] = function () {
                try {
                    Dialog['\x6f\x70\x65\x6e\x42\x72\x6f\x77\x73\x65\x72'](_0x508ebd);
                } catch (_0x4ce2d5) {
                }
                _0x5b34c1['\x6f\x6b']();
            };
            var _0x9bd707 = new PushButton(_0x5b34c1);
            _0x9bd707['\x74\x65\x78\x74'] = '\x4c\x61\x74\x65\x72', _0x9bd707['\x6f\x6e\x43\x6c\x69\x63\x6b'] = function () {
                _0x5b34c1['\x63\x61\x6e\x63\x65\x6c']();
            };
            var _0x22361b = new HorizontalSizer();
            _0x22361b['\x73\x70\x61\x63\x69\x6e\x67'] = 0x6, _0x22361b['\x61\x64\x64\x53\x74\x72\x65\x74\x63\x68'](), _0x22361b['\x61\x64\x64'](_0x2e4807), _0x22361b['\x61\x64\x64'](_0x9bd707), _0x5b34c1['\x73\x69\x7a\x65\x72'] = new VerticalSizer(), _0x5b34c1['\x73\x69\x7a\x65\x72']['\x6d\x61\x72\x67\x69\x6e'] = 0xe, _0x5b34c1['\x73\x69\x7a\x65\x72']['\x73\x70\x61\x63\x69\x6e\x67'] = 0xc, _0x5b34c1['\x73\x69\x7a\x65\x72']['\x61\x64\x64'](_0x4721b7), _0x5b34c1['\x73\x69\x7a\x65\x72']['\x61\x64\x64'](_0x22361b), _0x5b34c1['\x61\x64\x6a\x75\x73\x74\x54\x6f\x43\x6f\x6e\x74\x65\x6e\x74\x73'](), _0x5b34c1['\x65\x78\x65\x63\x75\x74\x65']();
        } else
            new MessageBox(_0x58bbe1 + '\x20\x69\x73\x20\x75\x70\x20\x74\x6f\x20\x64\x61\x74\x65\x20\x28\x76' + _0x511045 + '\x29\x2e', _0x58bbe1 + '\x20\x2d\x20\x55\x70\x64\x61\x74\x65')['\x65\x78\x65\x63\x75\x74\x65']();
    } catch (_0x5f2b5f) {
        try {
            new MessageBox('\x43\x6f\x75\x6c\x64\x20\x6e\x6f\x74\x20\x63\x68\x65\x63\x6b\x20\x66\x6f\x72\x20\x75\x70\x64\x61\x74\x65\x73\x2e\x0a' + _0x5f2b5f, _0x58bbe1 + '\x20\x2d\x20\x55\x70\x64\x61\x74\x65')['\x65\x78\x65\x63\x75\x74\x65']();
        } catch (_0x60c8c0) {
        }
    }
}
function noiseXImage(_0x5ad9ae) {
    var _0x187a68 = new ImageWindow(_0x5ad9ae['\x77\x69\x64\x74\x68'], _0x5ad9ae['\x68\x65\x69\x67\x68\x74'], _0x5ad9ae['\x6e\x75\x6d\x62\x65\x72\x4f\x66\x43\x68\x61\x6e\x6e\x65\x6c\x73'], 0x20, !![], _0x5ad9ae['\x6e\x75\x6d\x62\x65\x72\x4f\x66\x43\x68\x61\x6e\x6e\x65\x6c\x73'] >= 0x3, '\x5f\x61\x6d\x78\x5f\x6e\x78\x74\x5f\x74\x6d\x70');
    _0x187a68['\x6d\x61\x69\x6e\x56\x69\x65\x77']['\x62\x65\x67\x69\x6e\x50\x72\x6f\x63\x65\x73\x73'](0x0), _0x187a68['\x6d\x61\x69\x6e\x56\x69\x65\x77']['\x69\x6d\x61\x67\x65']['\x61\x73\x73\x69\x67\x6e'](_0x5ad9ae), _0x187a68['\x6d\x61\x69\x6e\x56\x69\x65\x77']['\x65\x6e\x64\x50\x72\x6f\x63\x65\x73\x73']();
    try {
        var _0x4b8efd = new NoiseXTerminator(), _0x49355e = '\x64\x65\x6e\x6f\x69\x73\x65' in _0x4b8efd ? '\x64\x65\x6e\x6f\x69\x73\x65' : '\x61\x6d\x6f\x75\x6e\x74' in _0x4b8efd ? '\x61\x6d\x6f\x75\x6e\x74' : '\x73\x74\x72\x65\x6e\x67\x74\x68' in _0x4b8efd ? '\x73\x74\x72\x65\x6e\x67\x74\x68' : null;
        if (_0x49355e !== null)
            _0x4b8efd[_0x49355e] = 0.5, Console['\x77\x72\x69\x74\x65\x6c\x6e']('\x20\x20\x20\x55\x73\x69\x6e\x67\x20' + _0x49355e + '\x3d\x30\x2e\x35\x30\x2e');
        else
            Console['\x77\x72\x69\x74\x65\x6c\x6e']('\x20\x20\x20\x2a\x2a\x20\x43\x6f\x75\x6c\x64\x20\x6e\x6f\x74\x20\x66\x69\x6e\x64\x20\x74\x68\x65\x20\x64\x65\x6e\x6f\x69\x73\x65\x20\x70\x61\x72\x61\x6d\x65\x74\x65\x72\x20\u2014\x20\x72\x75\x6e\x6e\x69\x6e\x67\x20\x77\x69\x74\x68\x20\x4e\x58\x54\x20\x64\x65\x66\x61\x75\x6c\x74\x73\x2e');
        _0x4b8efd['\x65\x78\x65\x63\x75\x74\x65\x4f\x6e'](_0x187a68['\x6d\x61\x69\x6e\x56\x69\x65\x77']);
        var _0x49344e = cloneImg(_0x187a68['\x6d\x61\x69\x6e\x56\x69\x65\x77']['\x69\x6d\x61\x67\x65']);
        return _0x187a68['\x66\x6f\x72\x63\x65\x43\x6c\x6f\x73\x65'](), _0x49344e;
    } catch (_0x17dfd6) {
        _0x187a68['\x66\x6f\x72\x63\x65\x43\x6c\x6f\x73\x65']();
        throw _0x17dfd6;
    }
}
function amxCleanupOrphans() {
    try {
        var _0x583eda = ImageWindow['\x77\x69\x6e\x64\x6f\x77\x73'];
        for (var _0x38db62 = 0x0; _0x38db62 < _0x583eda['\x6c\x65\x6e\x67\x74\x68']; _0x38db62++) {
            var _0x31b3a9 = _0x583eda[_0x38db62];
            if (!_0x31b3a9 || _0x31b3a9['\x69\x73\x4e\x75\x6c\x6c'] || _0x31b3a9['\x6d\x61\x69\x6e\x56\x69\x65\x77']['\x69\x73\x4e\x75\x6c\x6c'])
                continue;
            var _0x1149a7 = _0x31b3a9['\x6d\x61\x69\x6e\x56\x69\x65\x77']['\x69\x64'] || '', _0x48fb19 = _0x1149a7['\x63\x68\x61\x72\x41\x74'](0x0) === '\x5f' || /^AstroMaxTmp|^AstroMaxLFref|^AstroMaxLFch/['\x74\x65\x73\x74'](_0x1149a7), _0x150c33 = /AstroMaxCompose|AstroMaxResult/['\x74\x65\x73\x74'](_0x1149a7);
            if (_0x48fb19 || _0x150c33 && !_0x31b3a9['\x76\x69\x73\x69\x62\x6c\x65'])
                try {
                    _0x31b3a9['\x66\x6f\x72\x63\x65\x43\x6c\x6f\x73\x65']();
                } catch (_0x159d94) {
                }
        }
    } catch (_0x4d3686) {
    }
}
function amxUsableWin(_0x10be19) {
    if (!_0x10be19 || _0x10be19['\x69\x73\x4e\x75\x6c\x6c'] || _0x10be19['\x6d\x61\x69\x6e\x56\x69\x65\x77']['\x69\x73\x4e\x75\x6c\x6c'])
        return ![];
    var _0x48539a = _0x10be19['\x6d\x61\x69\x6e\x56\x69\x65\x77']['\x69\x64'] || '';
    if (_0x48539a['\x63\x68\x61\x72\x41\x74'](0x0) === '\x5f')
        return ![];
    if (_0x48539a['\x69\x6e\x64\x65\x78\x4f\x66']('\x41\x73\x74\x72\x6f\x4d\x61\x78\x54\x6d\x70') >= 0x0)
        return ![];
    if (_0x48539a['\x69\x6e\x64\x65\x78\x4f\x66']('\x41\x73\x74\x72\x6f\x4d\x61\x78\x43\x6f\x6d\x70\x6f\x73\x65') >= 0x0)
        return ![];
    if (_0x48539a['\x69\x6e\x64\x65\x78\x4f\x66']('\x41\x73\x74\x72\x6f\x4d\x61\x78\x52\x65\x73\x75\x6c\x74') >= 0x0)
        return ![];
    if (_0x48539a['\x69\x6e\x64\x65\x78\x4f\x66']('\x41\x73\x74\x72\x6f\x4d\x61\x78\x4c\x46') >= 0x0)
        return ![];
    if (/_work$/['\x74\x65\x73\x74'](_0x48539a))
        return ![];
    return !![];
}
function applySaturation(_0x1e73f2, _0x343c8a, _0x470dba, _0x22564d) {
    if (_0x1e73f2['\x6e\x75\x6d\x62\x65\x72\x4f\x66\x43\x68\x61\x6e\x6e\x65\x6c\x73'] < 0x3)
        return;
    var _0x6d3dce = _0x1e73f2['\x77\x69\x64\x74\x68'], _0xf51f5e = _0x1e73f2['\x68\x65\x69\x67\x68\x74'], _0x319839 = _0x6d3dce * _0xf51f5e, _0x14fcb5 = new Rect(0x0, 0x0, _0x6d3dce, _0xf51f5e), _0x6fcee4 = new Float32Array(_0x319839), _0x80cb43 = new Float32Array(_0x319839), _0x3413bf = new Float32Array(_0x319839);
    _0x1e73f2['\x67\x65\x74\x53\x61\x6d\x70\x6c\x65\x73'](_0x6fcee4, _0x14fcb5, 0x0), _0x1e73f2['\x67\x65\x74\x53\x61\x6d\x70\x6c\x65\x73'](_0x80cb43, _0x14fcb5, 0x1), _0x1e73f2['\x67\x65\x74\x53\x61\x6d\x70\x6c\x65\x73'](_0x3413bf, _0x14fcb5, 0x2);
    var _0x11d9ca = 0x0, _0x435792 = 0x1;
    if (_0x470dba === 0x1 || _0x470dba === 0x2) {
        var _0x3c58b4 = Math['\x6d\x61\x78'](0x4, Math['\x66\x6c\x6f\x6f\x72'](Math['\x6d\x69\x6e'](_0x6d3dce, _0xf51f5e) / 0x96)), _0x4c1a70 = [];
        for (var _0x4777c1 = 0x0; _0x4777c1 < _0xf51f5e; _0x4777c1 += _0x3c58b4)
            for (var _0x81804e = 0x0; _0x81804e < _0x6d3dce; _0x81804e += _0x3c58b4) {
                var _0x58cd13 = _0x4777c1 * _0x6d3dce + _0x81804e;
                _0x4c1a70['\x70\x75\x73\x68'](0.2126 * _0x6fcee4[_0x58cd13] + 0.7152 * _0x80cb43[_0x58cd13] + 0.0722 * _0x3413bf[_0x58cd13]);
            }
        _0x4c1a70['\x73\x6f\x72\x74'](function (_0x35dfcf, _0x1fdea8) {
            return _0x35dfcf - _0x1fdea8;
        }), _0x11d9ca = _0x4c1a70[Math['\x66\x6c\x6f\x6f\x72'](_0x4c1a70['\x6c\x65\x6e\x67\x74\x68'] * 0.1)], _0x435792 = _0x4c1a70[Math['\x66\x6c\x6f\x6f\x72'](_0x4c1a70['\x6c\x65\x6e\x67\x74\x68'] * 0.9)];
    }
    for (var _0x36fdf3 = 0x0; _0x36fdf3 < _0x319839; _0x36fdf3++) {
        var _0x5e7da8 = 0.2126 * _0x6fcee4[_0x36fdf3] + 0.7152 * _0x80cb43[_0x36fdf3] + 0.0722 * _0x3413bf[_0x36fdf3], _0x29a0de = 0x1;
        if (_0x470dba === 0x1) {
            var _0x2b3da8 = _0x11d9ca, _0x2cf04e = Math['\x6d\x61\x78'](_0x11d9ca * 0x4, _0x11d9ca + 0.05), _0x58282f = (_0x5e7da8 - _0x2b3da8) / Math['\x6d\x61\x78'](0.000001, _0x2cf04e - _0x2b3da8);
            _0x58282f = Math['\x6d\x61\x78'](0x0, Math['\x6d\x69\x6e'](0x1, _0x58282f)), _0x29a0de = _0x58282f * _0x58282f * (0x3 - 0x2 * _0x58282f);
        } else {
            if (_0x470dba === 0x2) {
                var _0x2b3da8 = _0x435792 * 0.7, _0x2cf04e = _0x435792, _0x58282f = (_0x5e7da8 - _0x2b3da8) / Math['\x6d\x61\x78'](0.000001, _0x2cf04e - _0x2b3da8);
                _0x58282f = Math['\x6d\x61\x78'](0x0, Math['\x6d\x69\x6e'](0x1, _0x58282f)), _0x29a0de = 0x1 - _0x58282f * _0x58282f * (0x3 - 0x2 * _0x58282f);
            }
        }
        if (_0x22564d)
            _0x29a0de = 0x1 - _0x29a0de;
        var _0x29d719 = _0x6fcee4[_0x36fdf3], _0x1ebd9f = _0x80cb43[_0x36fdf3], _0x275d22 = _0x3413bf[_0x36fdf3];
        _0x6fcee4[_0x36fdf3] = Math['\x6d\x69\x6e'](0x1, Math['\x6d\x61\x78'](0x0, _0x29d719 + _0x29a0de * (_0x5e7da8 + (_0x29d719 - _0x5e7da8) * _0x343c8a - _0x29d719))), _0x80cb43[_0x36fdf3] = Math['\x6d\x69\x6e'](0x1, Math['\x6d\x61\x78'](0x0, _0x1ebd9f + _0x29a0de * (_0x5e7da8 + (_0x1ebd9f - _0x5e7da8) * _0x343c8a - _0x1ebd9f))), _0x3413bf[_0x36fdf3] = Math['\x6d\x69\x6e'](0x1, Math['\x6d\x61\x78'](0x0, _0x275d22 + _0x29a0de * (_0x5e7da8 + (_0x275d22 - _0x5e7da8) * _0x343c8a - _0x275d22)));
    }
    _0x1e73f2['\x73\x65\x74\x53\x61\x6d\x70\x6c\x65\x73'](_0x6fcee4, _0x14fcb5, 0x0), _0x1e73f2['\x73\x65\x74\x53\x61\x6d\x70\x6c\x65\x73'](_0x80cb43, _0x14fcb5, 0x1), _0x1e73f2['\x73\x65\x74\x53\x61\x6d\x70\x6c\x65\x73'](_0x3413bf, _0x14fcb5, 0x2);
}
function blendStarsIntoImg(_0x2d08d5, _0xba0857, _0x2881b7, _0x5dea12) {
    if (_0x2881b7 < 0.1)
        return;
    var _0x431a4d = 0.999 - _0x2881b7 / 0x64 * 0.998, _0x6f33ac = 0x1 + _0x5dea12 / 0x64, _0x3b1d84 = Math['\x61\x62\x73'](_0x431a4d - 0.5) > 0.0001, _0x47bb44 = Math['\x61\x62\x73'](_0x6f33ac - 0x1) > 0.0001, _0x275b36 = _0x2d08d5['\x6e\x75\x6d\x62\x65\x72\x4f\x66\x43\x68\x61\x6e\x6e\x65\x6c\x73'], _0x296ea8 = _0xba0857['\x6e\x75\x6d\x62\x65\x72\x4f\x66\x43\x68\x61\x6e\x6e\x65\x6c\x73'], _0x49dbc3 = _0x2d08d5['\x77\x69\x64\x74\x68'] * _0x2d08d5['\x68\x65\x69\x67\x68\x74'], _0x13ca76 = new Rect(0x0, 0x0, _0x2d08d5['\x77\x69\x64\x74\x68'], _0x2d08d5['\x68\x65\x69\x67\x68\x74']), _0x425936 = [];
    for (var _0x46d945 = 0x0; _0x46d945 < _0x275b36; _0x46d945++) {
        var _0x2c2029 = new Float32Array(_0x49dbc3);
        _0x2d08d5['\x67\x65\x74\x53\x61\x6d\x70\x6c\x65\x73'](_0x2c2029, _0x13ca76, _0x46d945), _0x425936['\x70\x75\x73\x68'](_0x2c2029);
    }
    var _0x3781f9 = [], _0x5954f0 = _0x296ea8 === 0x1 ? 0x1 : 0x3;
    for (var _0x46d945 = 0x0; _0x46d945 < _0x5954f0; _0x46d945++) {
        var _0x4b6100 = new Float32Array(_0x49dbc3);
        _0xba0857['\x67\x65\x74\x53\x61\x6d\x70\x6c\x65\x73'](_0x4b6100, _0x13ca76, Math['\x6d\x69\x6e'](_0x46d945, _0x296ea8 - 0x1)), _0x3781f9['\x70\x75\x73\x68'](_0x4b6100);
    }
    for (var _0x1582b4 = 0x0; _0x1582b4 < _0x49dbc3; _0x1582b4++) {
        var _0x51f91a, _0x5653bd, _0x379042;
        _0x5954f0 === 0x1 ? _0x51f91a = _0x5653bd = _0x379042 = _0x3781f9[0x0][_0x1582b4] : (_0x51f91a = _0x3781f9[0x0][_0x1582b4], _0x5653bd = _0x3781f9[0x1][_0x1582b4], _0x379042 = _0x3781f9[0x2][_0x1582b4]);
        if (_0x47bb44 && _0x275b36 >= 0x3) {
            var _0x1f7876 = 0.2126 * _0x51f91a + 0.7152 * _0x5653bd + 0.0722 * _0x379042;
            _0x51f91a = _0x1f7876 + (_0x51f91a - _0x1f7876) * _0x6f33ac, _0x5653bd = _0x1f7876 + (_0x5653bd - _0x1f7876) * _0x6f33ac, _0x379042 = _0x1f7876 + (_0x379042 - _0x1f7876) * _0x6f33ac;
            if (_0x51f91a < 0x0)
                _0x51f91a = 0x0;
            else {
                if (_0x51f91a > 0x1)
                    _0x51f91a = 0x1;
            }
            if (_0x5653bd < 0x0)
                _0x5653bd = 0x0;
            else {
                if (_0x5653bd > 0x1)
                    _0x5653bd = 0x1;
            }
            if (_0x379042 < 0x0)
                _0x379042 = 0x0;
            else {
                if (_0x379042 > 0x1)
                    _0x379042 = 0x1;
            }
        }
        var _0xf78f2b = [
            _0x51f91a,
            _0x5653bd,
            _0x379042
        ];
        for (var _0x46d945 = 0x0; _0x46d945 < _0x275b36; _0x46d945++) {
            var _0x5e1d96 = _0xf78f2b[Math['\x6d\x69\x6e'](_0x46d945, 0x2)];
            if (_0x3b1d84 && _0x5e1d96 > 0x0 && _0x5e1d96 < 0x1) {
                _0x5e1d96 = (_0x431a4d - 0x1) * _0x5e1d96 / ((0x2 * _0x431a4d - 0x1) * _0x5e1d96 - _0x431a4d);
                if (_0x5e1d96 < 0x0)
                    _0x5e1d96 = 0x0;
                else {
                    if (_0x5e1d96 > 0x1)
                        _0x5e1d96 = 0x1;
                }
            }
            _0x425936[_0x46d945][_0x1582b4] = 0x1 - (0x1 - _0x425936[_0x46d945][_0x1582b4]) * (0x1 - _0x5e1d96);
        }
    }
    for (var _0x46d945 = 0x0; _0x46d945 < _0x275b36; _0x46d945++)
        _0x2d08d5['\x73\x65\x74\x53\x61\x6d\x70\x6c\x65\x73'](_0x425936[_0x46d945], _0x13ca76, _0x46d945);
}
function applyChannelBalance(_0x543f93, _0x60de84, _0xdf2f06, _0x3e8af2, _0x57862c, _0x22b2d3) {
    if (_0x543f93['\x6e\x75\x6d\x62\x65\x72\x4f\x66\x43\x68\x61\x6e\x6e\x65\x6c\x73'] < 0x3)
        return;
    if (Math['\x61\x62\x73'](_0x60de84 - 0x1) < 0.005 && Math['\x61\x62\x73'](_0xdf2f06 - 0x1) < 0.005 && Math['\x61\x62\x73'](_0x3e8af2 - 0x1) < 0.005)
        return;
    var _0x5c4a28 = _0x543f93['\x77\x69\x64\x74\x68'], _0x5278cb = _0x543f93['\x68\x65\x69\x67\x68\x74'], _0x5de1c2 = _0x5c4a28 * _0x5278cb, _0x1379d0 = new Rect(0x0, 0x0, _0x5c4a28, _0x5278cb), _0x37d0cf = new Float32Array(_0x5de1c2), _0x1b1e28 = new Float32Array(_0x5de1c2), _0x370bb4 = new Float32Array(_0x5de1c2);
    _0x543f93['\x67\x65\x74\x53\x61\x6d\x70\x6c\x65\x73'](_0x37d0cf, _0x1379d0, 0x0), _0x543f93['\x67\x65\x74\x53\x61\x6d\x70\x6c\x65\x73'](_0x1b1e28, _0x1379d0, 0x1), _0x543f93['\x67\x65\x74\x53\x61\x6d\x70\x6c\x65\x73'](_0x370bb4, _0x1379d0, 0x2);
    var _0x3215a1 = 0x0, _0x4fce4e = 0x1;
    if (_0x57862c === 0x1 || _0x57862c === 0x2) {
        var _0x7ca90b = Math['\x6d\x61\x78'](0x4, Math['\x66\x6c\x6f\x6f\x72'](Math['\x6d\x69\x6e'](_0x5c4a28, _0x5278cb) / 0x96)), _0x38eaf1 = [];
        for (var _0x250a19 = 0x0; _0x250a19 < _0x5278cb; _0x250a19 += _0x7ca90b)
            for (var _0x213db8 = 0x0; _0x213db8 < _0x5c4a28; _0x213db8 += _0x7ca90b) {
                var _0x3a1eb2 = _0x250a19 * _0x5c4a28 + _0x213db8;
                _0x38eaf1['\x70\x75\x73\x68'](0.2126 * _0x37d0cf[_0x3a1eb2] + 0.7152 * _0x1b1e28[_0x3a1eb2] + 0.0722 * _0x370bb4[_0x3a1eb2]);
            }
        _0x38eaf1['\x73\x6f\x72\x74'](function (_0x590cc0, _0x2d1a4f) {
            return _0x590cc0 - _0x2d1a4f;
        }), _0x3215a1 = _0x38eaf1[Math['\x66\x6c\x6f\x6f\x72'](_0x38eaf1['\x6c\x65\x6e\x67\x74\x68'] * 0.1)], _0x4fce4e = _0x38eaf1[Math['\x66\x6c\x6f\x6f\x72'](_0x38eaf1['\x6c\x65\x6e\x67\x74\x68'] * 0.9)];
    }
    for (var _0x39d4b0 = 0x0; _0x39d4b0 < _0x5de1c2; _0x39d4b0++) {
        var _0x28ec16 = _0x37d0cf[_0x39d4b0], _0xd633b0 = _0x1b1e28[_0x39d4b0], _0x5e0c3b = _0x370bb4[_0x39d4b0], _0x2cb7d4 = 0.2126 * _0x28ec16 + 0.7152 * _0xd633b0 + 0.0722 * _0x5e0c3b, _0x3976c4 = 0x1;
        if (_0x57862c === 0x1) {
            var _0x4e5fa8 = _0x3215a1, _0x429c9a = Math['\x6d\x61\x78'](_0x3215a1 * 0x4, _0x3215a1 + 0.05), _0x3c1daf = (_0x2cb7d4 - _0x4e5fa8) / Math['\x6d\x61\x78'](0.000001, _0x429c9a - _0x4e5fa8);
            _0x3c1daf = Math['\x6d\x61\x78'](0x0, Math['\x6d\x69\x6e'](0x1, _0x3c1daf)), _0x3976c4 = _0x3c1daf * _0x3c1daf * (0x3 - 0x2 * _0x3c1daf);
        } else {
            if (_0x57862c === 0x2) {
                var _0x4e5fa8 = _0x4fce4e * 0.7, _0x429c9a = _0x4fce4e, _0x3c1daf = (_0x2cb7d4 - _0x4e5fa8) / Math['\x6d\x61\x78'](0.000001, _0x429c9a - _0x4e5fa8);
                _0x3c1daf = Math['\x6d\x61\x78'](0x0, Math['\x6d\x69\x6e'](0x1, _0x3c1daf)), _0x3976c4 = 0x1 - _0x3c1daf * _0x3c1daf * (0x3 - 0x2 * _0x3c1daf);
            }
        }
        if (_0x22b2d3)
            _0x3976c4 = 0x1 - _0x3976c4;
        var _0x3bc7e7 = 0x1 + (_0x60de84 - 0x1) * 0.4, _0x3c61dd = 0x1 + (_0xdf2f06 - 0x1) * 0.4, _0x4797e5 = 0x1 + (_0x3e8af2 - 0x1) * 0.4, _0x10af7c = _0x3bc7e7 <= 0x1 ? _0x28ec16 * _0x3bc7e7 : _0x28ec16 + _0x28ec16 * (_0x3bc7e7 - 0x1) * (0x1 - _0x28ec16), _0x374614 = _0x3c61dd <= 0x1 ? _0xd633b0 * _0x3c61dd : _0xd633b0 + _0xd633b0 * (_0x3c61dd - 0x1) * (0x1 - _0xd633b0), _0x327597 = _0x4797e5 <= 0x1 ? _0x5e0c3b * _0x4797e5 : _0x5e0c3b + _0x5e0c3b * (_0x4797e5 - 0x1) * (0x1 - _0x5e0c3b);
        _0x37d0cf[_0x39d4b0] = Math['\x6d\x69\x6e'](0x1, Math['\x6d\x61\x78'](0x0, _0x28ec16 + _0x3976c4 * (_0x10af7c - _0x28ec16))), _0x1b1e28[_0x39d4b0] = Math['\x6d\x69\x6e'](0x1, Math['\x6d\x61\x78'](0x0, _0xd633b0 + _0x3976c4 * (_0x374614 - _0xd633b0))), _0x370bb4[_0x39d4b0] = Math['\x6d\x69\x6e'](0x1, Math['\x6d\x61\x78'](0x0, _0x5e0c3b + _0x3976c4 * (_0x327597 - _0x5e0c3b)));
    }
    _0x543f93['\x73\x65\x74\x53\x61\x6d\x70\x6c\x65\x73'](_0x37d0cf, _0x1379d0, 0x0), _0x543f93['\x73\x65\x74\x53\x61\x6d\x70\x6c\x65\x73'](_0x1b1e28, _0x1379d0, 0x1), _0x543f93['\x73\x65\x74\x53\x61\x6d\x70\x6c\x65\x73'](_0x370bb4, _0x1379d0, 0x2);
}
function detectBackground(_0x580cc5) {
    var _0x43a749 = _0x580cc5['\x6e\x75\x6d\x62\x65\x72\x4f\x66\x43\x68\x61\x6e\x6e\x65\x6c\x73'], _0x5ed30c = _0x43a749 >= 0x3 ? 0x1 : 0x0, _0x2adef7 = _0x580cc5['\x77\x69\x64\x74\x68'], _0x9e0450 = _0x580cc5['\x68\x65\x69\x67\x68\x74'], _0x29ffab = Math['\x6d\x61\x78'](0x4, Math['\x66\x6c\x6f\x6f\x72'](Math['\x6d\x69\x6e'](_0x2adef7, _0x9e0450) / 0x64)), _0x156d06 = [];
    for (var _0x309a94 = 0x0; _0x309a94 < _0x9e0450; _0x309a94 += _0x29ffab)
        for (var _0x1f7cdb = 0x0; _0x1f7cdb < _0x2adef7; _0x1f7cdb += _0x29ffab)
            _0x156d06['\x70\x75\x73\x68'](_0x580cc5['\x73\x61\x6d\x70\x6c\x65'](_0x1f7cdb, _0x309a94, _0x5ed30c));
    return _0x156d06['\x73\x6f\x72\x74'](function (_0x593650, _0x5f58e3) {
        return _0x593650 - _0x5f58e3;
    }), _0x156d06[Math['\x66\x6c\x6f\x6f\x72'](_0x156d06['\x6c\x65\x6e\x67\x74\x68'] * 0.2)];
}
function applyBgLock(_0x49d794, _0x5cb247) {
    if (!_0x5cb247['\x62\x67\x4c\x6f\x63\x6b'])
        return;
    var _0x5ee2f6 = _0x49d794['\x6e\x75\x6d\x62\x65\x72\x4f\x66\x43\x68\x61\x6e\x6e\x65\x6c\x73'], _0x5bc215 = _0x5ee2f6 >= 0x3 ? 0x1 : 0x0, _0x5ade7d = _0x49d794['\x77\x69\x64\x74\x68'], _0x51585c = _0x49d794['\x68\x65\x69\x67\x68\x74'], _0x172f11 = Math['\x6d\x61\x78'](0x4, Math['\x66\x6c\x6f\x6f\x72'](Math['\x6d\x69\x6e'](_0x5ade7d, _0x51585c) / 0x64)), _0x2b1ccc = [];
    for (var _0x304e1a = 0x0; _0x304e1a < _0x51585c; _0x304e1a += _0x172f11)
        for (var _0x19412e = 0x0; _0x19412e < _0x5ade7d; _0x19412e += _0x172f11)
            _0x2b1ccc['\x70\x75\x73\x68'](_0x49d794['\x73\x61\x6d\x70\x6c\x65'](_0x19412e, _0x304e1a, _0x5bc215));
    _0x2b1ccc['\x73\x6f\x72\x74'](function (_0x271259, _0x507edd) {
        return _0x271259 - _0x507edd;
    });
    var _0x43501e = _0x2b1ccc[Math['\x66\x6c\x6f\x6f\x72'](_0x2b1ccc['\x6c\x65\x6e\x67\x74\x68'] * 0.2)], _0x489374 = _0x5cb247['\x62\x67\x54\x61\x72\x67\x65\x74'] - _0x43501e;
    if (Math['\x61\x62\x73'](_0x489374) < 0.0005)
        return;
    var _0x102f30 = _0x49d794['\x77\x69\x64\x74\x68'] * _0x49d794['\x68\x65\x69\x67\x68\x74'], _0x398fa2 = new Rect(0x0, 0x0, _0x49d794['\x77\x69\x64\x74\x68'], _0x49d794['\x68\x65\x69\x67\x68\x74']);
    for (var _0x28b9cf = 0x0; _0x28b9cf < _0x49d794['\x6e\x75\x6d\x62\x65\x72\x4f\x66\x43\x68\x61\x6e\x6e\x65\x6c\x73']; _0x28b9cf++) {
        var _0xa3ab73 = new Float32Array(_0x102f30);
        _0x49d794['\x67\x65\x74\x53\x61\x6d\x70\x6c\x65\x73'](_0xa3ab73, _0x398fa2, _0x28b9cf);
        for (var _0xc19031 = 0x0; _0xc19031 < _0x102f30; _0xc19031++)
            _0xa3ab73[_0xc19031] = Math['\x6d\x61\x78'](0x0, Math['\x6d\x69\x6e'](0x1, _0xa3ab73[_0xc19031] + _0x489374));
        _0x49d794['\x73\x65\x74\x53\x61\x6d\x70\x6c\x65\x73'](_0xa3ab73, _0x398fa2, _0x28b9cf);
    }
}
function composeNB(_0x23ece3, _0x5f3393) {
    var _0x11c9e6 = _0x23ece3['\x48\x61'] || _0x23ece3['\x4f\x49\x49\x49'] || _0x23ece3['\x53\x49\x49'];
    if (!_0x11c9e6)
        return null;
    var _0x500d3d = _0x11c9e6['\x77\x69\x64\x74\x68'], _0x2f2a16 = _0x11c9e6['\x68\x65\x69\x67\x68\x74'], _0x14a638 = _0x500d3d * _0x2f2a16, _0x3b9ffd = new Rect(0x0, 0x0, _0x500d3d, _0x2f2a16), _0x2df08a = new Image(_0x500d3d, _0x2f2a16, 0x3, ColorSpace_RGB, 0x20, SampleType_Real);
    for (var _0x3d81df = 0x0; _0x3d81df < 0x3; _0x3d81df++) {
        var _0x30bc8b = _0x5f3393[_0x3d81df], _0x5bde14 = _0x23ece3[_0x30bc8b], _0x43b9d0 = new Float32Array(_0x14a638);
        if (_0x5bde14) {
            var _0x3d60f6 = _0x5bde14;
            (_0x5bde14['\x77\x69\x64\x74\x68'] !== _0x500d3d || _0x5bde14['\x68\x65\x69\x67\x68\x74'] !== _0x2f2a16) && (_0x3d60f6 = cloneImg(_0x5bde14), _0x3d60f6['\x72\x65\x73\x61\x6d\x70\x6c\x65'](_0x500d3d / _0x5bde14['\x77\x69\x64\x74\x68'])), _0x3d60f6['\x67\x65\x74\x53\x61\x6d\x70\x6c\x65\x73'](_0x43b9d0, _0x3b9ffd, 0x0);
        }
        _0x2df08a['\x73\x65\x74\x53\x61\x6d\x70\x6c\x65\x73'](_0x43b9d0, _0x3b9ffd, _0x3d81df);
    }
    return _0x2df08a;
}
function normaliseNBChannels(_0x3f10e8) {
    var _0x44d889 = _0x3f10e8['\x77\x69\x64\x74\x68'], _0x3f8171 = _0x3f10e8['\x68\x65\x69\x67\x68\x74'], _0x5a6221 = Math['\x6d\x61\x78'](0x4, Math['\x66\x6c\x6f\x6f\x72'](Math['\x6d\x69\x6e'](_0x44d889, _0x3f8171) / 0x64)), _0x507f4f = [];
    for (var _0x50eca3 = 0x0; _0x50eca3 < 0x3; _0x50eca3++) {
        var _0x28d62e = [];
        for (var _0x414f4e = 0x0; _0x414f4e < _0x3f8171; _0x414f4e += _0x5a6221)
            for (var _0x674a68 = 0x0; _0x674a68 < _0x44d889; _0x674a68 += _0x5a6221)
                _0x28d62e['\x70\x75\x73\x68'](_0x3f10e8['\x73\x61\x6d\x70\x6c\x65'](_0x674a68, _0x414f4e, _0x50eca3));
        _0x28d62e['\x73\x6f\x72\x74'](function (_0x55f342, _0x350db6) {
            return _0x55f342 - _0x350db6;
        }), _0x507f4f['\x70\x75\x73\x68'](_0x28d62e[Math['\x66\x6c\x6f\x6f\x72'](_0x28d62e['\x6c\x65\x6e\x67\x74\x68'] * 0.5)]);
    }
    var _0xf55ea4 = _0x507f4f[0x1];
    if (_0xf55ea4 < 0.000001)
        return;
    var _0x26e0d1 = _0x44d889 * _0x3f8171, _0x132078 = new Rect(0x0, 0x0, _0x44d889, _0x3f8171);
    for (var _0x50eca3 = 0x0; _0x50eca3 < 0x3; _0x50eca3++) {
        if (_0x50eca3 === 0x1 || _0x507f4f[_0x50eca3] < 0.000001)
            continue;
        var _0x29b782 = _0xf55ea4 / _0x507f4f[_0x50eca3], _0xb90a40 = new Float32Array(_0x26e0d1);
        _0x3f10e8['\x67\x65\x74\x53\x61\x6d\x70\x6c\x65\x73'](_0xb90a40, _0x132078, _0x50eca3);
        for (var _0x477ce6 = 0x0; _0x477ce6 < _0x26e0d1; _0x477ce6++)
            _0xb90a40[_0x477ce6] = Math['\x6d\x69\x6e'](0x1, _0xb90a40[_0x477ce6] * _0x29b782);
        _0x3f10e8['\x73\x65\x74\x53\x61\x6d\x70\x6c\x65\x73'](_0xb90a40, _0x132078, _0x50eca3);
    }
}
function applyHaLuminance(_0x1f7d28, _0x44a0fb) {
    if (!_0x44a0fb)
        return;
    var _0x131e96 = _0x1f7d28['\x77\x69\x64\x74\x68'], _0x1c17ee = _0x1f7d28['\x68\x65\x69\x67\x68\x74'], _0x10f873 = _0x131e96 * _0x1c17ee, _0x3cbf11 = new Rect(0x0, 0x0, _0x131e96, _0x1c17ee), _0x962fa3 = _0x44a0fb;
    (_0x44a0fb['\x77\x69\x64\x74\x68'] !== _0x131e96 || _0x44a0fb['\x68\x65\x69\x67\x68\x74'] !== _0x1c17ee) && (_0x962fa3 = cloneImg(_0x44a0fb), _0x962fa3['\x72\x65\x73\x61\x6d\x70\x6c\x65'](_0x131e96 / _0x44a0fb['\x77\x69\x64\x74\x68']));
    var _0x224e20 = new Float32Array(_0x10f873);
    _0x962fa3['\x67\x65\x74\x53\x61\x6d\x70\x6c\x65\x73'](_0x224e20, _0x3cbf11, 0x0);
    for (var _0x1f7808 = 0x0; _0x1f7808 < 0x3; _0x1f7808++) {
        var _0x32182f = new Float32Array(_0x10f873);
        _0x1f7d28['\x67\x65\x74\x53\x61\x6d\x70\x6c\x65\x73'](_0x32182f, _0x3cbf11, _0x1f7808);
        for (var _0x5b4b81 = 0x0; _0x5b4b81 < _0x10f873; _0x5b4b81++)
            _0x32182f[_0x5b4b81] = Math['\x6d\x69\x6e'](0x1, _0x32182f[_0x5b4b81] * (0.5 + 0.5 * _0x224e20[_0x5b4b81]));
        _0x1f7d28['\x73\x65\x74\x53\x61\x6d\x70\x6c\x65\x73'](_0x32182f, _0x3cbf11, _0x1f7808);
    }
}
function composeChannels(_0x28b631, _0x22a27f, _0x1b1df1, _0x266c9c) {
    var _0x162004 = _0x28b631['\x69\x6d\x61\x67\x65'], _0x5eb3d1 = _0x22a27f['\x69\x6d\x61\x67\x65'], _0x129793 = _0x1b1df1['\x69\x6d\x61\x67\x65'], _0x475d80 = _0x162004['\x77\x69\x64\x74\x68'], _0x13b822 = _0x162004['\x68\x65\x69\x67\x68\x74'], _0x5cb07a = _0x475d80 * _0x13b822;
    Console['\x77\x72\x69\x74\x65\x6c\x6e']('\x43\x6f\x6d\x70\x6f\x73\x65\x3a\x20\x52\x3d' + _0x28b631['\x69\x64'] + '\x20\x20\x47\x3d' + _0x22a27f['\x69\x64'] + '\x20\x20\x42\x3d' + _0x1b1df1['\x69\x64']);
    var _0x56d057 = new ImageWindow(_0x475d80, _0x13b822, 0x3, 0x20, !![], !![], '\x41\x73\x74\x72\x6f\x4d\x61\x78\x43\x6f\x6d\x70\x6f\x73\x65');
    _0x56d057['\x68\x69\x64\x65'](), _0x56d057['\x6d\x61\x69\x6e\x56\x69\x65\x77']['\x62\x65\x67\x69\x6e\x50\x72\x6f\x63\x65\x73\x73'](0x0);
    var _0x5868d6 = _0x56d057['\x6d\x61\x69\x6e\x56\x69\x65\x77']['\x69\x6d\x61\x67\x65'], _0xaa1b5 = new Rect(0x0, 0x0, _0x475d80, _0x13b822), _0x2505f2 = new Float32Array(_0x5cb07a);
    _0x162004['\x67\x65\x74\x53\x61\x6d\x70\x6c\x65\x73'](_0x2505f2, _0xaa1b5, 0x0), _0x5868d6['\x73\x65\x74\x53\x61\x6d\x70\x6c\x65\x73'](_0x2505f2, _0xaa1b5, 0x0), _0x5eb3d1['\x67\x65\x74\x53\x61\x6d\x70\x6c\x65\x73'](_0x2505f2, _0xaa1b5, 0x0), _0x5868d6['\x73\x65\x74\x53\x61\x6d\x70\x6c\x65\x73'](_0x2505f2, _0xaa1b5, 0x1), _0x129793['\x67\x65\x74\x53\x61\x6d\x70\x6c\x65\x73'](_0x2505f2, _0xaa1b5, 0x0), _0x5868d6['\x73\x65\x74\x53\x61\x6d\x70\x6c\x65\x73'](_0x2505f2, _0xaa1b5, 0x2);
    if (_0x266c9c !== undefined && _0x266c9c !== null) {
        Console['\x77\x72\x69\x74\x65\x6c\x6e']('\x41\x70\x70\x6c\x79\x69\x6e\x67\x20\x4c\x20\x61\x73\x20\x4c\x75\x6d\x69\x6e\x61\x6e\x63\x65\x2e\x2e\x2e');
        var _0x3905f8 = _0x266c9c['\x69\x6d\x61\x67\x65'], _0x55f8ed = new Float32Array(_0x5cb07a);
        if (_0x3905f8['\x77\x69\x64\x74\x68'] === _0x475d80 && _0x3905f8['\x68\x65\x69\x67\x68\x74'] === _0x13b822)
            _0x3905f8['\x67\x65\x74\x53\x61\x6d\x70\x6c\x65\x73'](_0x55f8ed, _0xaa1b5, 0x0);
        else {
            var _0x1c5632 = Math['\x6d\x69\x6e'](_0x475d80 / _0x3905f8['\x77\x69\x64\x74\x68'], _0x13b822 / _0x3905f8['\x68\x65\x69\x67\x68\x74']), _0x266e85 = scaleImage(_0x3905f8, _0x1c5632), _0x48480d = new Rect(0x0, 0x0, Math['\x6d\x69\x6e'](_0x475d80, _0x266e85['\x77\x69\x64\x74\x68']), Math['\x6d\x69\x6e'](_0x13b822, _0x266e85['\x68\x65\x69\x67\x68\x74']));
            _0x266e85['\x67\x65\x74\x53\x61\x6d\x70\x6c\x65\x73'](_0x55f8ed, _0x48480d, 0x0);
        }
        var _0x334b3f = new Float32Array(_0x5cb07a), _0x3d22f7 = new Float32Array(_0x5cb07a), _0x5f037c = new Float32Array(_0x5cb07a);
        _0x5868d6['\x67\x65\x74\x53\x61\x6d\x70\x6c\x65\x73'](_0x334b3f, _0xaa1b5, 0x0), _0x5868d6['\x67\x65\x74\x53\x61\x6d\x70\x6c\x65\x73'](_0x3d22f7, _0xaa1b5, 0x1), _0x5868d6['\x67\x65\x74\x53\x61\x6d\x70\x6c\x65\x73'](_0x5f037c, _0xaa1b5, 0x2);
        var _0x258e1b = 0x40, _0x46d906 = [], _0x771d36 = [];
        for (var _0x593db7 = 0x0; _0x593db7 < _0x5cb07a; _0x593db7 += _0x258e1b) {
            _0x46d906['\x70\x75\x73\x68'](0.2126 * _0x334b3f[_0x593db7] + 0.7152 * _0x3d22f7[_0x593db7] + 0.0722 * _0x5f037c[_0x593db7]), _0x771d36['\x70\x75\x73\x68'](_0x55f8ed[_0x593db7]);
        }
        _0x46d906['\x73\x6f\x72\x74'](function (_0x4b9fb6, _0x20918f) {
            return _0x4b9fb6 - _0x20918f;
        }), _0x771d36['\x73\x6f\x72\x74'](function (_0x373955, _0x6a978) {
            return _0x373955 - _0x6a978;
        });
        var _0x14c975 = _0x46d906[Math['\x66\x6c\x6f\x6f\x72'](_0x46d906['\x6c\x65\x6e\x67\x74\x68'] / 0x2)], _0x4e1370 = _0x771d36[Math['\x66\x6c\x6f\x6f\x72'](_0x771d36['\x6c\x65\x6e\x67\x74\x68'] / 0x2)], _0x4f0d22 = _0x4e1370 > 0.000001 ? _0x14c975 / _0x4e1370 : 0x1;
        for (var _0x593db7 = 0x0; _0x593db7 < _0x5cb07a; _0x593db7++) {
            var _0x4b6fbb = Math['\x6d\x69\x6e'](0x1, _0x55f8ed[_0x593db7] * _0x4f0d22), _0x5f1b33 = 0.2126 * _0x334b3f[_0x593db7] + 0.7152 * _0x3d22f7[_0x593db7] + 0.0722 * _0x5f037c[_0x593db7];
            if (_0x5f1b33 > 0.000001) {
                var _0x4fdc8d = Math['\x6d\x69\x6e'](0x2, _0x4b6fbb / _0x5f1b33);
                _0x334b3f[_0x593db7] = Math['\x6d\x69\x6e'](0x1, _0x334b3f[_0x593db7] * _0x4fdc8d), _0x3d22f7[_0x593db7] = Math['\x6d\x69\x6e'](0x1, _0x3d22f7[_0x593db7] * _0x4fdc8d), _0x5f037c[_0x593db7] = Math['\x6d\x69\x6e'](0x1, _0x5f037c[_0x593db7] * _0x4fdc8d);
            }
        }
        _0x5868d6['\x73\x65\x74\x53\x61\x6d\x70\x6c\x65\x73'](_0x334b3f, _0xaa1b5, 0x0), _0x5868d6['\x73\x65\x74\x53\x61\x6d\x70\x6c\x65\x73'](_0x3d22f7, _0xaa1b5, 0x1), _0x5868d6['\x73\x65\x74\x53\x61\x6d\x70\x6c\x65\x73'](_0x5f037c, _0xaa1b5, 0x2);
    }
    return _0x56d057['\x6d\x61\x69\x6e\x56\x69\x65\x77']['\x65\x6e\x64\x50\x72\x6f\x63\x65\x73\x73'](), _0x56d057;
}
function equalizeChannels(_0x1999b6) {
    if (_0x1999b6['\x6e\x75\x6d\x62\x65\x72\x4f\x66\x43\x68\x61\x6e\x6e\x65\x6c\x73'] < 0x3)
        return {
            '\x64\x52': 0x0,
            '\x64\x42': 0x0
        };
    var _0x353040 = _0x1999b6['\x77\x69\x64\x74\x68'], _0x2b1776 = _0x1999b6['\x68\x65\x69\x67\x68\x74'], _0xf22df9 = Math['\x6d\x61\x78'](0x4, Math['\x66\x6c\x6f\x6f\x72'](Math['\x6d\x69\x6e'](_0x353040, _0x2b1776) / 0x96));
    function _0x4bf262(_0x2ef94c) {
        var _0x264298 = [];
        for (var _0x4f3896 = 0x0; _0x4f3896 < _0x2b1776; _0x4f3896 += _0xf22df9)
            for (var _0x430121 = 0x0; _0x430121 < _0x353040; _0x430121 += _0xf22df9)
                _0x264298['\x70\x75\x73\x68'](_0x1999b6['\x73\x61\x6d\x70\x6c\x65'](_0x430121, _0x4f3896, _0x2ef94c));
        return _0x264298['\x73\x6f\x72\x74'](function (_0x1d2ff3, _0x58b99e) {
            return _0x1d2ff3 - _0x58b99e;
        }), _0x264298[Math['\x66\x6c\x6f\x6f\x72'](_0x264298['\x6c\x65\x6e\x67\x74\x68'] * 0.2)];
    }
    var _0x55b03d = _0x4bf262(0x0), _0x286e0c = _0x4bf262(0x1), _0x24cb89 = _0x4bf262(0x2), _0x153470 = _0x55b03d - _0x286e0c, _0x2ea4e4 = _0x24cb89 - _0x286e0c;
    Console['\x77\x72\x69\x74\x65\x6c\x6e']('\x45\x71\x75\x61\x6c\x69\x7a\x65\x20\x62\x67\x32\x30\x25\x3a\x20\x52\x3d' + _0x55b03d['\x74\x6f\x46\x69\x78\x65\x64'](0x6) + '\x20\x20\x47\x3d' + _0x286e0c['\x74\x6f\x46\x69\x78\x65\x64'](0x6) + '\x20\x20\x42\x3d' + _0x24cb89['\x74\x6f\x46\x69\x78\x65\x64'](0x6));
    if (Math['\x61\x62\x73'](_0x153470) < 0.001 && Math['\x61\x62\x73'](_0x2ea4e4) < 0.001)
        return Console['\x77\x72\x69\x74\x65\x6c\x6e']('\x45\x71\x75\x61\x6c\x69\x7a\x65\x3a\x20\x61\x6c\x72\x65\x61\x64\x79\x20\x62\x61\x6c\x61\x6e\x63\x65\x64\x2c\x20\x73\x6b\x69\x70\x70\x69\x6e\x67\x2e'), {
            '\x64\x52': 0x0,
            '\x64\x42': 0x0
        };
    var _0x2c8eae = _0x353040 * _0x2b1776, _0x1d7773 = new Rect(0x0, 0x0, _0x353040, _0x2b1776), _0x211630 = new Float32Array(_0x2c8eae), _0x185f59 = new Float32Array(_0x2c8eae);
    _0x1999b6['\x67\x65\x74\x53\x61\x6d\x70\x6c\x65\x73'](_0x211630, _0x1d7773, 0x0), _0x1999b6['\x67\x65\x74\x53\x61\x6d\x70\x6c\x65\x73'](_0x185f59, _0x1d7773, 0x2);
    for (var _0x41ec80 = 0x0; _0x41ec80 < _0x2c8eae; _0x41ec80++) {
        if ((_0x41ec80 & 0x7ffff) === 0x0)
            processEvents();
        _0x211630[_0x41ec80] = Math['\x6d\x61\x78'](0x0, Math['\x6d\x69\x6e'](0x1, _0x211630[_0x41ec80] - _0x153470)), _0x185f59[_0x41ec80] = Math['\x6d\x61\x78'](0x0, Math['\x6d\x69\x6e'](0x1, _0x185f59[_0x41ec80] - _0x2ea4e4));
    }
    return _0x1999b6['\x73\x65\x74\x53\x61\x6d\x70\x6c\x65\x73'](_0x211630, _0x1d7773, 0x0), _0x1999b6['\x73\x65\x74\x53\x61\x6d\x70\x6c\x65\x73'](_0x185f59, _0x1d7773, 0x2), {
        '\x64\x52': _0x153470,
        '\x64\x42': _0x2ea4e4
    };
}
function applyEqualizeChannels(_0x429fef, _0x300195, _0x13df60) {
    var _0x36a7fa = _0x429fef['\x77\x69\x64\x74\x68'] * _0x429fef['\x68\x65\x69\x67\x68\x74'], _0xea28e0 = new Rect(0x0, 0x0, _0x429fef['\x77\x69\x64\x74\x68'], _0x429fef['\x68\x65\x69\x67\x68\x74']), _0x546173 = new Float32Array(_0x36a7fa), _0x9e565d = new Float32Array(_0x36a7fa);
    _0x429fef['\x67\x65\x74\x53\x61\x6d\x70\x6c\x65\x73'](_0x546173, _0xea28e0, 0x0), _0x429fef['\x67\x65\x74\x53\x61\x6d\x70\x6c\x65\x73'](_0x9e565d, _0xea28e0, 0x2);
    for (var _0x59d85a = 0x0; _0x59d85a < _0x36a7fa; _0x59d85a++) {
        if ((_0x59d85a & 0x7ffff) === 0x0)
            processEvents();
        _0x546173[_0x59d85a] = Math['\x6d\x61\x78'](0x0, Math['\x6d\x69\x6e'](0x1, _0x546173[_0x59d85a] - _0x300195)), _0x9e565d[_0x59d85a] = Math['\x6d\x61\x78'](0x0, Math['\x6d\x69\x6e'](0x1, _0x9e565d[_0x59d85a] - _0x13df60));
    }
    _0x429fef['\x73\x65\x74\x53\x61\x6d\x70\x6c\x65\x73'](_0x546173, _0xea28e0, 0x0), _0x429fef['\x73\x65\x74\x53\x61\x6d\x70\x6c\x65\x73'](_0x9e565d, _0xea28e0, 0x2);
}
function linearFitChannels(_0x508abf) {
    if (_0x508abf['\x6e\x75\x6d\x62\x65\x72\x4f\x66\x43\x68\x61\x6e\x6e\x65\x6c\x73'] < 0x3)
        return null;
    var _0x4e817a = _0x508abf['\x77\x69\x64\x74\x68'], _0xc71df0 = _0x508abf['\x68\x65\x69\x67\x68\x74'], _0x53f7bd = Math['\x6d\x61\x78'](0x4, Math['\x66\x6c\x6f\x6f\x72'](Math['\x6d\x69\x6e'](_0x4e817a, _0xc71df0) / 0x78)), _0x1a8b5c = [], _0x3d4549 = [], _0x2471d9 = [];
    for (var _0x334621 = 0x0; _0x334621 < _0xc71df0; _0x334621 += _0x53f7bd)
        for (var _0x5d9496 = 0x0; _0x5d9496 < _0x4e817a; _0x5d9496 += _0x53f7bd) {
            _0x1a8b5c['\x70\x75\x73\x68'](_0x508abf['\x73\x61\x6d\x70\x6c\x65'](_0x5d9496, _0x334621, 0x0)), _0x3d4549['\x70\x75\x73\x68'](_0x508abf['\x73\x61\x6d\x70\x6c\x65'](_0x5d9496, _0x334621, 0x1)), _0x2471d9['\x70\x75\x73\x68'](_0x508abf['\x73\x61\x6d\x70\x6c\x65'](_0x5d9496, _0x334621, 0x2));
        }
    var _0xc1fce1 = _0x3d4549['\x73\x6c\x69\x63\x65']()['\x73\x6f\x72\x74'](function (_0x278466, _0x48e933) {
            return _0x278466 - _0x48e933;
        }), _0x3c77a8 = _0xc1fce1[Math['\x66\x6c\x6f\x6f\x72'](_0xc1fce1['\x6c\x65\x6e\x67\x74\x68'] * 0.25)];
    if (_0x3c77a8 < 0.000001)
        _0x3c77a8 = _0xc1fce1[Math['\x66\x6c\x6f\x6f\x72'](_0xc1fce1['\x6c\x65\x6e\x67\x74\x68'] * 0.4)];
    var _0x437974 = [], _0x5bf443 = [], _0x753284 = [];
    for (var _0x49ff19 = 0x0; _0x49ff19 < _0x3d4549['\x6c\x65\x6e\x67\x74\x68']; _0x49ff19++) {
        _0x1a8b5c[_0x49ff19] < _0x3c77a8 * 2.5 && _0x3d4549[_0x49ff19] < _0x3c77a8 * 2.5 && _0x2471d9[_0x49ff19] < _0x3c77a8 * 2.5 && (_0x437974['\x70\x75\x73\x68'](_0x3d4549[_0x49ff19]), _0x5bf443['\x70\x75\x73\x68'](_0x1a8b5c[_0x49ff19]), _0x753284['\x70\x75\x73\x68'](_0x2471d9[_0x49ff19]));
    }
    if (_0x437974['\x6c\x65\x6e\x67\x74\x68'] < 0x14)
        return null;
    function _0x12b7db(_0xb2b093, _0x30d09b) {
        var _0x429884 = _0xb2b093['\x6c\x65\x6e\x67\x74\x68'], _0x229b18 = 0x0, _0x11a067 = 0x0, _0x580380 = 0x0, _0x432d2d = 0x0;
        for (var _0x39f09e = 0x0; _0x39f09e < _0x429884; _0x39f09e++) {
            _0x229b18 += _0xb2b093[_0x39f09e], _0x11a067 += _0x30d09b[_0x39f09e], _0x580380 += _0xb2b093[_0x39f09e] * _0xb2b093[_0x39f09e], _0x432d2d += _0xb2b093[_0x39f09e] * _0x30d09b[_0x39f09e];
        }
        var _0x2dea1d = _0x429884 * _0x580380 - _0x229b18 * _0x229b18;
        if (Math['\x61\x62\x73'](_0x2dea1d) < 1e-12)
            return {
                '\x61': 0x1,
                '\x62': 0x0
            };
        var _0x57f4fb = (_0x429884 * _0x432d2d - _0x229b18 * _0x11a067) / _0x2dea1d;
        return {
            '\x61': _0x57f4fb,
            '\x62': (_0x11a067 - _0x57f4fb * _0x229b18) / _0x429884
        };
    }
    var _0x2227e7 = _0x12b7db(_0x437974, _0x5bf443), _0xc5115a = _0x12b7db(_0x437974, _0x753284);
    if (_0x2227e7['\x61'] < 0.2 || _0x2227e7['\x61'] > 0x5)
        _0x2227e7['\x61'] = 0x1;
    if (_0xc5115a['\x61'] < 0.2 || _0xc5115a['\x61'] > 0x5)
        _0xc5115a['\x61'] = 0x1;
    var _0x2d483e = _0x4e817a * _0xc71df0, _0x326d30 = new Rect(0x0, 0x0, _0x4e817a, _0xc71df0), _0x24c410 = new Float32Array(_0x2d483e), _0x59590d = new Float32Array(_0x2d483e), _0x538b20 = new Float32Array(_0x2d483e);
    _0x508abf['\x67\x65\x74\x53\x61\x6d\x70\x6c\x65\x73'](_0x24c410, _0x326d30, 0x0), _0x508abf['\x67\x65\x74\x53\x61\x6d\x70\x6c\x65\x73'](_0x59590d, _0x326d30, 0x1), _0x508abf['\x67\x65\x74\x53\x61\x6d\x70\x6c\x65\x73'](_0x538b20, _0x326d30, 0x2);
    var _0x1ce72a = _0x3c77a8, _0x45efdb = _0x3c77a8 * 0x3;
    for (var _0x49ff19 = 0x0; _0x49ff19 < _0x2d483e; _0x49ff19++) {
        if ((_0x49ff19 & 0x7ffff) === 0x0)
            processEvents();
        var _0x5607d4 = 0.2126 * _0x24c410[_0x49ff19] + 0.7152 * _0x59590d[_0x49ff19] + 0.0722 * _0x538b20[_0x49ff19], _0x507576 = Math['\x6d\x61\x78'](0x0, Math['\x6d\x69\x6e'](0x1, (_0x5607d4 - _0x1ce72a) / Math['\x6d\x61\x78'](0.000001, _0x45efdb - _0x1ce72a))), _0x6f3aaa = _0x507576 * _0x507576 * (0x3 - 0x2 * _0x507576);
        _0x24c410[_0x49ff19] = Math['\x6d\x61\x78'](0x0, Math['\x6d\x69\x6e'](0x1, (0x1 - _0x6f3aaa) * ((_0x24c410[_0x49ff19] - _0x2227e7['\x62']) / _0x2227e7['\x61']) + _0x6f3aaa * (_0x24c410[_0x49ff19] - _0x2227e7['\x62']))), _0x538b20[_0x49ff19] = Math['\x6d\x61\x78'](0x0, Math['\x6d\x69\x6e'](0x1, (0x1 - _0x6f3aaa) * ((_0x538b20[_0x49ff19] - _0xc5115a['\x62']) / _0xc5115a['\x61']) + _0x6f3aaa * (_0x538b20[_0x49ff19] - _0xc5115a['\x62'])));
    }
    return _0x508abf['\x73\x65\x74\x53\x61\x6d\x70\x6c\x65\x73'](_0x24c410, _0x326d30, 0x0), _0x508abf['\x73\x65\x74\x53\x61\x6d\x70\x6c\x65\x73'](_0x538b20, _0x326d30, 0x2), {
        '\x61\x52': _0x2227e7['\x61'],
        '\x62\x52': _0x2227e7['\x62'],
        '\x61\x42': _0xc5115a['\x61'],
        '\x62\x42': _0xc5115a['\x62'],
        '\x74\x68\x72': _0x3c77a8
    };
}
function applyLinearFit(_0x5b0330, _0x5e6c6e) {
    if (!_0x5e6c6e)
        return;
    var _0x802f81 = _0x5b0330['\x77\x69\x64\x74\x68'] * _0x5b0330['\x68\x65\x69\x67\x68\x74'], _0x3a3297 = new Rect(0x0, 0x0, _0x5b0330['\x77\x69\x64\x74\x68'], _0x5b0330['\x68\x65\x69\x67\x68\x74']), _0x27229e = new Float32Array(_0x802f81), _0x5503ed = new Float32Array(_0x802f81), _0x268ce1 = new Float32Array(_0x802f81);
    _0x5b0330['\x67\x65\x74\x53\x61\x6d\x70\x6c\x65\x73'](_0x27229e, _0x3a3297, 0x0), _0x5b0330['\x67\x65\x74\x53\x61\x6d\x70\x6c\x65\x73'](_0x5503ed, _0x3a3297, 0x1), _0x5b0330['\x67\x65\x74\x53\x61\x6d\x70\x6c\x65\x73'](_0x268ce1, _0x3a3297, 0x2);
    var _0x4ea689 = _0x5e6c6e['\x74\x68\x72'], _0x15e4aa = _0x5e6c6e['\x74\x68\x72'] * 0x3;
    for (var _0x44ff73 = 0x0; _0x44ff73 < _0x802f81; _0x44ff73++) {
        if ((_0x44ff73 & 0x7ffff) === 0x0)
            processEvents();
        var _0x3aa7f4 = 0.2126 * _0x27229e[_0x44ff73] + 0.7152 * _0x5503ed[_0x44ff73] + 0.0722 * _0x268ce1[_0x44ff73], _0x1cb5f2 = Math['\x6d\x61\x78'](0x0, Math['\x6d\x69\x6e'](0x1, (_0x3aa7f4 - _0x4ea689) / Math['\x6d\x61\x78'](0.000001, _0x15e4aa - _0x4ea689))), _0x32c9d5 = _0x1cb5f2 * _0x1cb5f2 * (0x3 - 0x2 * _0x1cb5f2);
        _0x27229e[_0x44ff73] = Math['\x6d\x61\x78'](0x0, Math['\x6d\x69\x6e'](0x1, (0x1 - _0x32c9d5) * ((_0x27229e[_0x44ff73] - _0x5e6c6e['\x62\x52']) / _0x5e6c6e['\x61\x52']) + _0x32c9d5 * (_0x27229e[_0x44ff73] - _0x5e6c6e['\x62\x52']))), _0x268ce1[_0x44ff73] = Math['\x6d\x61\x78'](0x0, Math['\x6d\x69\x6e'](0x1, (0x1 - _0x32c9d5) * ((_0x268ce1[_0x44ff73] - _0x5e6c6e['\x62\x42']) / _0x5e6c6e['\x61\x42']) + _0x32c9d5 * (_0x268ce1[_0x44ff73] - _0x5e6c6e['\x62\x42'])));
    }
    _0x5b0330['\x73\x65\x74\x53\x61\x6d\x70\x6c\x65\x73'](_0x27229e, _0x3a3297, 0x0), _0x5b0330['\x73\x65\x74\x53\x61\x6d\x70\x6c\x65\x73'](_0x268ce1, _0x3a3297, 0x2);
}
function linearFitChannelsRef(_0x3c3234, _0x4f845e) {
    if (_0x3c3234['\x6e\x75\x6d\x62\x65\x72\x4f\x66\x43\x68\x61\x6e\x6e\x65\x6c\x73'] < 0x3)
        return null;
    if (_0x4f845e === undefined || _0x4f845e === null)
        _0x4f845e = 0x1;
    var _0x29133b = _0x3c3234['\x77\x69\x64\x74\x68'], _0x337a7d = _0x3c3234['\x68\x65\x69\x67\x68\x74'], _0x4b192c = Math['\x6d\x61\x78'](0x4, Math['\x66\x6c\x6f\x6f\x72'](Math['\x6d\x69\x6e'](_0x29133b, _0x337a7d) / 0x78)), _0x470ac8 = [
            [],
            [],
            []
        ];
    for (var _0x3d7e5b = 0x0; _0x3d7e5b < _0x337a7d; _0x3d7e5b += _0x4b192c)
        for (var _0x4a097b = 0x0; _0x4a097b < _0x29133b; _0x4a097b += _0x4b192c) {
            _0x470ac8[0x0]['\x70\x75\x73\x68'](_0x3c3234['\x73\x61\x6d\x70\x6c\x65'](_0x4a097b, _0x3d7e5b, 0x0)), _0x470ac8[0x1]['\x70\x75\x73\x68'](_0x3c3234['\x73\x61\x6d\x70\x6c\x65'](_0x4a097b, _0x3d7e5b, 0x1)), _0x470ac8[0x2]['\x70\x75\x73\x68'](_0x3c3234['\x73\x61\x6d\x70\x6c\x65'](_0x4a097b, _0x3d7e5b, 0x2));
        }
    var _0x19060d = _0x470ac8[_0x4f845e]['\x73\x6c\x69\x63\x65']()['\x73\x6f\x72\x74'](function (_0x1a8471, _0x23b4ef) {
            return _0x1a8471 - _0x23b4ef;
        }), _0x56e342 = _0x19060d[Math['\x66\x6c\x6f\x6f\x72'](_0x19060d['\x6c\x65\x6e\x67\x74\x68'] * 0.25)];
    if (_0x56e342 < 0.000001)
        _0x56e342 = _0x19060d[Math['\x66\x6c\x6f\x6f\x72'](_0x19060d['\x6c\x65\x6e\x67\x74\x68'] * 0.4)];
    var _0x30bfda = [
            0x0,
            0x1,
            0x2
        ]['\x66\x69\x6c\x74\x65\x72'](function (_0x3b4821) {
            return _0x3b4821 !== _0x4f845e;
        }), _0x425386 = [], _0x158fce = [
            [],
            []
        ];
    for (var _0x34159a = 0x0; _0x34159a < _0x470ac8[_0x4f845e]['\x6c\x65\x6e\x67\x74\x68']; _0x34159a++) {
        _0x470ac8[0x0][_0x34159a] < _0x56e342 * 2.5 && _0x470ac8[0x1][_0x34159a] < _0x56e342 * 2.5 && _0x470ac8[0x2][_0x34159a] < _0x56e342 * 2.5 && (_0x425386['\x70\x75\x73\x68'](_0x470ac8[_0x4f845e][_0x34159a]), _0x158fce[0x0]['\x70\x75\x73\x68'](_0x470ac8[_0x30bfda[0x0]][_0x34159a]), _0x158fce[0x1]['\x70\x75\x73\x68'](_0x470ac8[_0x30bfda[0x1]][_0x34159a]));
    }
    if (_0x425386['\x6c\x65\x6e\x67\x74\x68'] < 0x14)
        return null;
    function _0x554115(_0x62a1d4, _0x2e64a1) {
        var _0x333c0a = _0x62a1d4['\x6c\x65\x6e\x67\x74\x68'], _0x24e565 = 0x0, _0x53f5c2 = 0x0, _0xe1f0f0 = 0x0, _0x519714 = 0x0;
        for (var _0x2f9004 = 0x0; _0x2f9004 < _0x333c0a; _0x2f9004++) {
            _0x24e565 += _0x62a1d4[_0x2f9004], _0x53f5c2 += _0x2e64a1[_0x2f9004], _0xe1f0f0 += _0x62a1d4[_0x2f9004] * _0x62a1d4[_0x2f9004], _0x519714 += _0x62a1d4[_0x2f9004] * _0x2e64a1[_0x2f9004];
        }
        var _0x20f606 = _0x333c0a * _0xe1f0f0 - _0x24e565 * _0x24e565;
        if (Math['\x61\x62\x73'](_0x20f606) < 1e-12)
            return {
                '\x61': 0x1,
                '\x62': 0x0
            };
        var _0x4965ce = (_0x333c0a * _0x519714 - _0x24e565 * _0x53f5c2) / _0x20f606;
        return {
            '\x61': _0x4965ce,
            '\x62': (_0x53f5c2 - _0x4965ce * _0x24e565) / _0x333c0a
        };
    }
    var _0x287519 = _0x554115(_0x425386, _0x158fce[0x0]), _0x20961a = _0x554115(_0x425386, _0x158fce[0x1]);
    if (_0x287519['\x61'] < 0.2 || _0x287519['\x61'] > 0x5)
        _0x287519['\x61'] = 0x1;
    if (_0x20961a['\x61'] < 0.2 || _0x20961a['\x61'] > 0x5)
        _0x20961a['\x61'] = 0x1;
    var _0x57070d = {
        '\x6b\x69\x6e\x64': '\x6c\x72\x67\x62',
        '\x72\x65\x66\x43\x68': _0x4f845e,
        '\x74\x68\x72': _0x56e342,
        '\x63\x68\x41': _0x30bfda[0x0],
        '\x61\x41': _0x287519['\x61'],
        '\x62\x41': _0x287519['\x62'],
        '\x63\x68\x42': _0x30bfda[0x1],
        '\x61\x42': _0x20961a['\x61'],
        '\x62\x42': _0x20961a['\x62']
    };
    return applyLinearFitRef(_0x3c3234, _0x57070d), _0x57070d;
}
function applyLinearFitRef(_0x135ba4, _0x273fc7) {
    if (!_0x273fc7)
        return;
    var _0x3416cd = _0x135ba4['\x77\x69\x64\x74\x68'] * _0x135ba4['\x68\x65\x69\x67\x68\x74'], _0x398767 = new Rect(0x0, 0x0, _0x135ba4['\x77\x69\x64\x74\x68'], _0x135ba4['\x68\x65\x69\x67\x68\x74']), _0x3e8313 = [
            new Float32Array(_0x3416cd),
            new Float32Array(_0x3416cd),
            new Float32Array(_0x3416cd)
        ];
    _0x135ba4['\x67\x65\x74\x53\x61\x6d\x70\x6c\x65\x73'](_0x3e8313[0x0], _0x398767, 0x0), _0x135ba4['\x67\x65\x74\x53\x61\x6d\x70\x6c\x65\x73'](_0x3e8313[0x1], _0x398767, 0x1), _0x135ba4['\x67\x65\x74\x53\x61\x6d\x70\x6c\x65\x73'](_0x3e8313[0x2], _0x398767, 0x2);
    var _0x43d6b6 = _0x273fc7['\x74\x68\x72'], _0x8cd105 = _0x273fc7['\x74\x68\x72'] * 0x3, _0x369d04 = _0x3e8313[_0x273fc7['\x63\x68\x41']], _0x4cf30c = _0x3e8313[_0x273fc7['\x63\x68\x42']];
    for (var _0x8ccdee = 0x0; _0x8ccdee < _0x3416cd; _0x8ccdee++) {
        if ((_0x8ccdee & 0x7ffff) === 0x0)
            processEvents();
        var _0x45c3b7 = 0.2126 * _0x3e8313[0x0][_0x8ccdee] + 0.7152 * _0x3e8313[0x1][_0x8ccdee] + 0.0722 * _0x3e8313[0x2][_0x8ccdee], _0x49661c = Math['\x6d\x61\x78'](0x0, Math['\x6d\x69\x6e'](0x1, (_0x45c3b7 - _0x43d6b6) / Math['\x6d\x61\x78'](0.000001, _0x8cd105 - _0x43d6b6))), _0x38dac1 = _0x49661c * _0x49661c * (0x3 - 0x2 * _0x49661c);
        _0x369d04[_0x8ccdee] = Math['\x6d\x61\x78'](0x0, Math['\x6d\x69\x6e'](0x1, (0x1 - _0x38dac1) * ((_0x369d04[_0x8ccdee] - _0x273fc7['\x62\x41']) / _0x273fc7['\x61\x41']) + _0x38dac1 * (_0x369d04[_0x8ccdee] - _0x273fc7['\x62\x41']))), _0x4cf30c[_0x8ccdee] = Math['\x6d\x61\x78'](0x0, Math['\x6d\x69\x6e'](0x1, (0x1 - _0x38dac1) * ((_0x4cf30c[_0x8ccdee] - _0x273fc7['\x62\x42']) / _0x273fc7['\x61\x42']) + _0x38dac1 * (_0x4cf30c[_0x8ccdee] - _0x273fc7['\x62\x42'])));
    }
    _0x135ba4['\x73\x65\x74\x53\x61\x6d\x70\x6c\x65\x73'](_0x369d04, _0x398767, _0x273fc7['\x63\x68\x41']), _0x135ba4['\x73\x65\x74\x53\x61\x6d\x70\x6c\x65\x73'](_0x4cf30c, _0x398767, _0x273fc7['\x63\x68\x42']);
}
function applyStoredLinFit(_0x1669bb, _0x5276c5) {
    if (!_0x5276c5)
        return;
    if (_0x5276c5['\x6b\x69\x6e\x64'] === '\x6c\x72\x67\x62')
        applyLinearFitRef(_0x1669bb, _0x5276c5);
    else
        applyLinearFitNB(_0x1669bb, _0x5276c5);
}
function linearFitChannelsNB(_0x33dc0c, _0x20e947) {
    if (_0x33dc0c['\x6e\x75\x6d\x62\x65\x72\x4f\x66\x43\x68\x61\x6e\x6e\x65\x6c\x73'] < 0x3)
        return null;
    if (_0x20e947 === undefined || _0x20e947 === null)
        _0x20e947 = 0x0;
    var _0x4b578a = _0x33dc0c['\x77\x69\x64\x74\x68'], _0x42365d = _0x33dc0c['\x68\x65\x69\x67\x68\x74'], _0x504210 = _0x4b578a * _0x42365d, _0x497e60 = Math['\x6d\x61\x78'](0x4, Math['\x66\x6c\x6f\x6f\x72'](Math['\x6d\x69\x6e'](_0x4b578a, _0x42365d) / 0x78)), _0x36fa91 = [], _0x929098 = [], _0x195329 = [];
    for (var _0x1c28eb = 0x0; _0x1c28eb < _0x42365d; _0x1c28eb += _0x497e60)
        for (var _0x11553b = 0x0; _0x11553b < _0x4b578a; _0x11553b += _0x497e60) {
            _0x36fa91['\x70\x75\x73\x68'](_0x33dc0c['\x73\x61\x6d\x70\x6c\x65'](_0x11553b, _0x1c28eb, 0x0)), _0x929098['\x70\x75\x73\x68'](_0x33dc0c['\x73\x61\x6d\x70\x6c\x65'](_0x11553b, _0x1c28eb, 0x1)), _0x195329['\x70\x75\x73\x68'](_0x33dc0c['\x73\x61\x6d\x70\x6c\x65'](_0x11553b, _0x1c28eb, 0x2));
        }
    var _0x5978d6 = [
            _0x36fa91,
            _0x929098,
            _0x195329
        ], _0x2913b8 = _0x5978d6[_0x20e947]['\x73\x6c\x69\x63\x65']()['\x73\x6f\x72\x74'](function (_0x4de4d0, _0x1731ab) {
            return _0x4de4d0 - _0x1731ab;
        }), _0xb4b6d8 = _0x2913b8[Math['\x66\x6c\x6f\x6f\x72'](_0x2913b8['\x6c\x65\x6e\x67\x74\x68'] * 0.4)];
    if (_0xb4b6d8 < 0.000001)
        _0xb4b6d8 = _0x2913b8[Math['\x66\x6c\x6f\x6f\x72'](_0x2913b8['\x6c\x65\x6e\x67\x74\x68'] * 0.6)];
    var _0x487ba5 = [], _0x3d7173 = [], _0x46cab6 = [];
    for (var _0x5163e3 = 0x0; _0x5163e3 < _0x36fa91['\x6c\x65\x6e\x67\x74\x68']; _0x5163e3++) {
        _0x36fa91[_0x5163e3] < _0xb4b6d8 * 0x2 && _0x929098[_0x5163e3] < _0xb4b6d8 * 0x2 && _0x195329[_0x5163e3] < _0xb4b6d8 * 0x2 && (_0x487ba5['\x70\x75\x73\x68'](_0x5978d6[_0x20e947][_0x5163e3]), _0x3d7173['\x70\x75\x73\x68'](_0x5978d6[_0x20e947 === 0x0 ? 0x1 : 0x0][_0x5163e3]), _0x46cab6['\x70\x75\x73\x68'](_0x5978d6[_0x20e947 === 0x2 ? 0x1 : 0x2][_0x5163e3]));
    }
    if (_0x487ba5['\x6c\x65\x6e\x67\x74\x68'] < 0x14)
        return null;
    function _0x30f227(_0x5bb4f0, _0x768748) {
        var _0x54499c = _0x5bb4f0['\x6c\x65\x6e\x67\x74\x68'], _0x15a2d0 = 0x0, _0x1af388 = 0x0, _0x7a2e7f = 0x0, _0x4ec1bd = 0x0;
        for (var _0x3f93f1 = 0x0; _0x3f93f1 < _0x54499c; _0x3f93f1++) {
            _0x15a2d0 += _0x768748[_0x3f93f1], _0x1af388 += _0x5bb4f0[_0x3f93f1], _0x7a2e7f += _0x768748[_0x3f93f1] * _0x768748[_0x3f93f1], _0x4ec1bd += _0x768748[_0x3f93f1] * _0x5bb4f0[_0x3f93f1];
        }
        var _0x3855c4 = _0x54499c * _0x7a2e7f - _0x15a2d0 * _0x15a2d0;
        if (Math['\x61\x62\x73'](_0x3855c4) < 1e-12)
            return {
                '\x61': 0x1,
                '\x62': (_0x1af388 - _0x15a2d0) / _0x54499c
            };
        var _0x565f8c = (_0x54499c * _0x4ec1bd - _0x15a2d0 * _0x1af388) / _0x3855c4, _0x4ba100 = (_0x1af388 - _0x565f8c * _0x15a2d0) / _0x54499c;
        if (_0x565f8c < 0.05 || _0x565f8c > 0x14)
            _0x565f8c = 0x1;
        return {
            '\x61': _0x565f8c,
            '\x62': _0x4ba100
        };
    }
    var _0x39a784 = _0x20e947 === 0x0 ? 0x1 : 0x0, _0x482b6a = _0x20e947 === 0x2 ? 0x1 : 0x2, _0x1c5baf = _0x30f227(_0x487ba5, _0x3d7173), _0x522cee = _0x30f227(_0x487ba5, _0x46cab6), _0x4588cf = new Rect(0x0, 0x0, _0x4b578a, _0x42365d), _0x45f555 = new Float32Array(_0x504210), _0x343d60 = new Float32Array(_0x504210);
    _0x33dc0c['\x67\x65\x74\x53\x61\x6d\x70\x6c\x65\x73'](_0x45f555, _0x4588cf, _0x39a784), _0x33dc0c['\x67\x65\x74\x53\x61\x6d\x70\x6c\x65\x73'](_0x343d60, _0x4588cf, _0x482b6a);
    for (var _0x5163e3 = 0x0; _0x5163e3 < _0x504210; _0x5163e3++) {
        if ((_0x5163e3 & 0x7ffff) === 0x0)
            processEvents();
        _0x45f555[_0x5163e3] = Math['\x6d\x61\x78'](0x0, Math['\x6d\x69\x6e'](0x1, _0x1c5baf['\x61'] * _0x45f555[_0x5163e3] + _0x1c5baf['\x62'])), _0x343d60[_0x5163e3] = Math['\x6d\x61\x78'](0x0, Math['\x6d\x69\x6e'](0x1, _0x522cee['\x61'] * _0x343d60[_0x5163e3] + _0x522cee['\x62']));
    }
    return _0x33dc0c['\x73\x65\x74\x53\x61\x6d\x70\x6c\x65\x73'](_0x45f555, _0x4588cf, _0x39a784), _0x33dc0c['\x73\x65\x74\x53\x61\x6d\x70\x6c\x65\x73'](_0x343d60, _0x4588cf, _0x482b6a), {
        '\x72\x65\x66\x43\x68': _0x20e947,
        '\x63\x68\x41': _0x39a784,
        '\x63\x68\x42': _0x482b6a,
        '\x61\x41': _0x1c5baf['\x61'],
        '\x62\x41': _0x1c5baf['\x62'],
        '\x61\x42': _0x522cee['\x61'],
        '\x62\x42': _0x522cee['\x62'],
        '\x62\x67\x54\x68\x72': _0xb4b6d8
    };
}
function applyLinearFitNB(_0x57c61c, _0xedf245) {
    if (!_0xedf245)
        return;
    var _0x448931 = _0x57c61c['\x77\x69\x64\x74\x68'] * _0x57c61c['\x68\x65\x69\x67\x68\x74'], _0x25642b = new Rect(0x0, 0x0, _0x57c61c['\x77\x69\x64\x74\x68'], _0x57c61c['\x68\x65\x69\x67\x68\x74']), _0x22a2e3 = new Float32Array(_0x448931), _0x176027 = new Float32Array(_0x448931);
    _0x57c61c['\x67\x65\x74\x53\x61\x6d\x70\x6c\x65\x73'](_0x22a2e3, _0x25642b, _0xedf245['\x63\x68\x41']), _0x57c61c['\x67\x65\x74\x53\x61\x6d\x70\x6c\x65\x73'](_0x176027, _0x25642b, _0xedf245['\x63\x68\x42']);
    for (var _0x52b48c = 0x0; _0x52b48c < _0x448931; _0x52b48c++) {
        if ((_0x52b48c & 0x7ffff) === 0x0)
            processEvents();
        _0x22a2e3[_0x52b48c] = Math['\x6d\x61\x78'](0x0, Math['\x6d\x69\x6e'](0x1, _0xedf245['\x61\x41'] * _0x22a2e3[_0x52b48c] + _0xedf245['\x62\x41'])), _0x176027[_0x52b48c] = Math['\x6d\x61\x78'](0x0, Math['\x6d\x69\x6e'](0x1, _0xedf245['\x61\x42'] * _0x176027[_0x52b48c] + _0xedf245['\x62\x42']));
    }
    _0x57c61c['\x73\x65\x74\x53\x61\x6d\x70\x6c\x65\x73'](_0x22a2e3, _0x25642b, _0xedf245['\x63\x68\x41']), _0x57c61c['\x73\x65\x74\x53\x61\x6d\x70\x6c\x65\x73'](_0x176027, _0x25642b, _0xedf245['\x63\x68\x42']);
}
function applyNarrowbandNorm(_0xf805f1, _0x5b3fdf) {
    var _0x254476 = [
            [
                0x0,
                0x1,
                -0x1
            ],
            [
                0x1,
                0x2,
                0x0
            ],
            [
                0x0,
                0x2,
                0x1
            ],
            [
                0x0,
                0x1,
                0x2
            ]
        ], _0x15e5b0 = _0x254476[_0x5b3fdf['\x6e\x62\x50\x61\x6c\x65\x74\x74\x65'] - 0x1] || _0x254476[0x0], _0x305ede = _0x15e5b0[0x0], _0x2d767f = _0x15e5b0[0x1], _0x5f165a = _0x15e5b0[0x2], _0x21d03b = _0xf805f1['\x77\x69\x64\x74\x68'], _0x2f325e = _0xf805f1['\x68\x65\x69\x67\x68\x74'], _0x522857 = _0x21d03b * _0x2f325e, _0x4a01ff = new Rect(0x0, 0x0, _0x21d03b, _0x2f325e), _0x35aa3c = new Float32Array(_0x522857), _0x1d8e19 = new Float32Array(_0x522857), _0x322029 = new Float32Array(_0x522857);
    _0xf805f1['\x67\x65\x74\x53\x61\x6d\x70\x6c\x65\x73'](_0x35aa3c, _0x4a01ff, 0x0), _0xf805f1['\x67\x65\x74\x53\x61\x6d\x70\x6c\x65\x73'](_0x1d8e19, _0x4a01ff, 0x1), _0xf805f1['\x67\x65\x74\x53\x61\x6d\x70\x6c\x65\x73'](_0x322029, _0x4a01ff, 0x2);
    var _0x4e1072 = [
        _0x35aa3c,
        _0x1d8e19,
        _0x322029
    ];
    function _0x582be4(_0x38159e) {
        var _0x374a6d = 0x40, _0x386899 = [];
        for (var _0x2792a1 = 0x0; _0x2792a1 < _0x522857; _0x2792a1 += _0x374a6d)
            _0x386899['\x70\x75\x73\x68'](_0x38159e[_0x2792a1]);
        return _0x386899['\x73\x6f\x72\x74'](function (_0x9be11e, _0x1480cd) {
            return _0x9be11e - _0x1480cd;
        }), _0x386899[Math['\x66\x6c\x6f\x6f\x72'](_0x386899['\x6c\x65\x6e\x67\x74\x68'] / 0x2)];
    }
    function _0x2d1ba4(_0x194ab0, _0x4d4ae7) {
        if (Math['\x61\x62\x73'](_0x4d4ae7 - 0x1) < 0.001)
            return;
        var _0x3fabc9 = _0x582be4(_0x194ab0);
        for (var _0x1a6231 = 0x0; _0x1a6231 < _0x522857; _0x1a6231++) {
            if ((_0x1a6231 & 0x7ffff) === 0x0)
                processEvents();
            var _0x36537a = _0x194ab0[_0x1a6231] - _0x3fabc9;
            if (_0x36537a > 0x0)
                _0x194ab0[_0x1a6231] = Math['\x6d\x69\x6e'](0x1, _0x3fabc9 + _0x36537a * _0x4d4ae7);
        }
    }
    if (_0x2d767f >= 0x0) {
        _0x2d1ba4(_0x4e1072[_0x2d767f], _0x5b3fdf['\x6e\x62\x4f\x69\x69\x69\x42\x6f\x6f\x73\x74']);
        if (_0x5b3fdf['\x6e\x62\x50\x61\x6c\x65\x74\x74\x65'] === 0x1)
            _0x2d1ba4(_0x322029, _0x5b3fdf['\x6e\x62\x4f\x69\x69\x69\x42\x6f\x6f\x73\x74']);
    }
    if (_0x5f165a >= 0x0)
        _0x2d1ba4(_0x4e1072[_0x5f165a], _0x5b3fdf['\x6e\x62\x53\x69\x69\x42\x6f\x6f\x73\x74']);
    if (_0x5b3fdf['\x6e\x62\x48\x61\x42\x6c\x65\x6e\x64'] > 0.001 && _0x2d767f >= 0x0) {
        var _0x588966 = _0x4e1072[_0x305ede], _0x1546a1 = _0x4e1072[_0x2d767f];
        for (var _0x53ac96 = 0x0; _0x53ac96 < _0x522857; _0x53ac96++) {
            if ((_0x53ac96 & 0x7ffff) === 0x0)
                processEvents();
            _0x588966[_0x53ac96] = _0x588966[_0x53ac96] * (0x1 - _0x5b3fdf['\x6e\x62\x48\x61\x42\x6c\x65\x6e\x64']) + _0x1546a1[_0x53ac96] * _0x5b3fdf['\x6e\x62\x48\x61\x42\x6c\x65\x6e\x64'];
        }
    }
    _0xf805f1['\x73\x65\x74\x53\x61\x6d\x70\x6c\x65\x73'](_0x35aa3c, _0x4a01ff, 0x0), _0xf805f1['\x73\x65\x74\x53\x61\x6d\x70\x6c\x65\x73'](_0x1d8e19, _0x4a01ff, 0x1), _0xf805f1['\x73\x65\x74\x53\x61\x6d\x70\x6c\x65\x73'](_0x322029, _0x4a01ff, 0x2);
}
function applyHaAsLuminance(_0x21bcc5, _0x15e3d9) {
    if (_0x21bcc5['\x6e\x75\x6d\x62\x65\x72\x4f\x66\x43\x68\x61\x6e\x6e\x65\x6c\x73'] < 0x3 || _0x15e3d9 < 0x0)
        return;
    var _0x5e518a = _0x21bcc5['\x77\x69\x64\x74\x68'] * _0x21bcc5['\x68\x65\x69\x67\x68\x74'], _0x488a11 = new Rect(0x0, 0x0, _0x21bcc5['\x77\x69\x64\x74\x68'], _0x21bcc5['\x68\x65\x69\x67\x68\x74']), _0x108deb = new Float32Array(_0x5e518a), _0x4c3a09 = new Float32Array(_0x5e518a), _0x33aad9 = new Float32Array(_0x5e518a);
    _0x21bcc5['\x67\x65\x74\x53\x61\x6d\x70\x6c\x65\x73'](_0x108deb, _0x488a11, 0x0), _0x21bcc5['\x67\x65\x74\x53\x61\x6d\x70\x6c\x65\x73'](_0x4c3a09, _0x488a11, 0x1), _0x21bcc5['\x67\x65\x74\x53\x61\x6d\x70\x6c\x65\x73'](_0x33aad9, _0x488a11, 0x2);
    var _0x418ef6 = [
            _0x108deb,
            _0x4c3a09,
            _0x33aad9
        ], _0x2cacff = _0x418ef6[_0x15e3d9];
    for (var _0x54e813 = 0x0; _0x54e813 < _0x5e518a; _0x54e813++) {
        if ((_0x54e813 & 0x7ffff) === 0x0)
            processEvents();
        var _0x3c0ba7 = 0.2126 * _0x108deb[_0x54e813] + 0.7152 * _0x4c3a09[_0x54e813] + 0.0722 * _0x33aad9[_0x54e813];
        if (_0x3c0ba7 > 0.00001) {
            var _0x116b1b = _0x2cacff[_0x54e813] / _0x3c0ba7;
            _0x108deb[_0x54e813] = Math['\x6d\x69\x6e'](0x1, _0x108deb[_0x54e813] * _0x116b1b), _0x4c3a09[_0x54e813] = Math['\x6d\x69\x6e'](0x1, _0x4c3a09[_0x54e813] * _0x116b1b), _0x33aad9[_0x54e813] = Math['\x6d\x69\x6e'](0x1, _0x33aad9[_0x54e813] * _0x116b1b);
        } else
            _0x108deb[_0x54e813] = _0x4c3a09[_0x54e813] = _0x33aad9[_0x54e813] = _0x2cacff[_0x54e813];
    }
    _0x21bcc5['\x73\x65\x74\x53\x61\x6d\x70\x6c\x65\x73'](_0x108deb, _0x488a11, 0x0), _0x21bcc5['\x73\x65\x74\x53\x61\x6d\x70\x6c\x65\x73'](_0x4c3a09, _0x488a11, 0x1), _0x21bcc5['\x73\x65\x74\x53\x61\x6d\x70\x6c\x65\x73'](_0x33aad9, _0x488a11, 0x2);
}
function applyScnr(_0x23b278, _0x42ea70) {
    if (_0x42ea70 < 0.001 || _0x23b278['\x6e\x75\x6d\x62\x65\x72\x4f\x66\x43\x68\x61\x6e\x6e\x65\x6c\x73'] < 0x3)
        return;
    var _0x1ba59e = _0x23b278['\x77\x69\x64\x74\x68'] * _0x23b278['\x68\x65\x69\x67\x68\x74'], _0x128890 = new Rect(0x0, 0x0, _0x23b278['\x77\x69\x64\x74\x68'], _0x23b278['\x68\x65\x69\x67\x68\x74']), _0x2e981e = new Float32Array(_0x1ba59e), _0x256e77 = new Float32Array(_0x1ba59e), _0x501e47 = new Float32Array(_0x1ba59e);
    _0x23b278['\x67\x65\x74\x53\x61\x6d\x70\x6c\x65\x73'](_0x2e981e, _0x128890, 0x0), _0x23b278['\x67\x65\x74\x53\x61\x6d\x70\x6c\x65\x73'](_0x256e77, _0x128890, 0x1), _0x23b278['\x67\x65\x74\x53\x61\x6d\x70\x6c\x65\x73'](_0x501e47, _0x128890, 0x2);
    for (var _0x57b8c5 = 0x0; _0x57b8c5 < _0x1ba59e; _0x57b8c5++) {
        if ((_0x57b8c5 & 0x7ffff) === 0x0)
            processEvents();
        var _0x11e16f = (_0x2e981e[_0x57b8c5] + _0x501e47[_0x57b8c5]) * 0.5;
        if (_0x256e77[_0x57b8c5] > _0x11e16f)
            _0x256e77[_0x57b8c5] = _0x256e77[_0x57b8c5] - _0x42ea70 * (_0x256e77[_0x57b8c5] - _0x11e16f);
    }
    _0x23b278['\x73\x65\x74\x53\x61\x6d\x70\x6c\x65\x73'](_0x256e77, _0x128890, 0x1);
}
function composeLRGB(_0x3371f7, _0xca936, _0x294788, _0x52307d) {
    var _0x270328 = _0x3371f7 || _0xca936 || _0x294788 || _0x52307d;
    if (!_0x270328)
        return null;
    var _0x30a5f6 = _0x270328['\x77\x69\x64\x74\x68'], _0x44dc5c = _0x270328['\x68\x65\x69\x67\x68\x74'], _0x4b6c3 = _0x30a5f6 * _0x44dc5c, _0x4221fb = new Rect(0x0, 0x0, _0x30a5f6, _0x44dc5c), _0x4dca57 = new Image(_0x30a5f6, _0x44dc5c, 0x3, ColorSpace_RGB, 0x20, SampleType_Real), _0x1744a7 = [
            _0xca936,
            _0x294788,
            _0x52307d
        ];
    for (var _0x40a91a = 0x0; _0x40a91a < 0x3; _0x40a91a++) {
        var _0x2efa67 = new Float32Array(_0x4b6c3), _0x40aab4 = _0x1744a7[_0x40a91a];
        if (_0x40aab4) {
            var _0x2d7a85 = _0x40aab4;
            (_0x40aab4['\x77\x69\x64\x74\x68'] !== _0x30a5f6 || _0x40aab4['\x68\x65\x69\x67\x68\x74'] !== _0x44dc5c) && (_0x2d7a85 = cloneImg(_0x40aab4), _0x2d7a85['\x72\x65\x73\x61\x6d\x70\x6c\x65'](_0x30a5f6 / _0x40aab4['\x77\x69\x64\x74\x68'])), _0x2d7a85['\x67\x65\x74\x53\x61\x6d\x70\x6c\x65\x73'](_0x2efa67, _0x4221fb, 0x0);
        }
        _0x4dca57['\x73\x65\x74\x53\x61\x6d\x70\x6c\x65\x73'](_0x2efa67, _0x4221fb, _0x40a91a);
    }
    if (_0x3371f7) {
        var _0xb59b86 = _0x3371f7;
        (_0x3371f7['\x77\x69\x64\x74\x68'] !== _0x30a5f6 || _0x3371f7['\x68\x65\x69\x67\x68\x74'] !== _0x44dc5c) && (_0xb59b86 = cloneImg(_0x3371f7), _0xb59b86['\x72\x65\x73\x61\x6d\x70\x6c\x65'](_0x30a5f6 / _0x3371f7['\x77\x69\x64\x74\x68']));
        var _0x136a7a = new Float32Array(_0x4b6c3);
        _0xb59b86['\x67\x65\x74\x53\x61\x6d\x70\x6c\x65\x73'](_0x136a7a, _0x4221fb, 0x0);
        var _0x6886f9 = new Float32Array(_0x4b6c3), _0x5cddd5 = new Float32Array(_0x4b6c3), _0x223d01 = new Float32Array(_0x4b6c3);
        _0x4dca57['\x67\x65\x74\x53\x61\x6d\x70\x6c\x65\x73'](_0x6886f9, _0x4221fb, 0x0), _0x4dca57['\x67\x65\x74\x53\x61\x6d\x70\x6c\x65\x73'](_0x5cddd5, _0x4221fb, 0x1), _0x4dca57['\x67\x65\x74\x53\x61\x6d\x70\x6c\x65\x73'](_0x223d01, _0x4221fb, 0x2);
        for (var _0x70a100 = 0x0; _0x70a100 < _0x4b6c3; _0x70a100++) {
            var _0x343fa9 = 0.2126 * _0x6886f9[_0x70a100] + 0.7152 * _0x5cddd5[_0x70a100] + 0.0722 * _0x223d01[_0x70a100];
            if (_0x343fa9 > 0.001) {
                var _0x1c7513 = _0x136a7a[_0x70a100] / _0x343fa9;
                _0x6886f9[_0x70a100] = Math['\x6d\x69\x6e'](0x1, _0x6886f9[_0x70a100] * _0x1c7513), _0x5cddd5[_0x70a100] = Math['\x6d\x69\x6e'](0x1, _0x5cddd5[_0x70a100] * _0x1c7513), _0x223d01[_0x70a100] = Math['\x6d\x69\x6e'](0x1, _0x223d01[_0x70a100] * _0x1c7513);
            } else
                _0x6886f9[_0x70a100] = _0x136a7a[_0x70a100], _0x5cddd5[_0x70a100] = _0x136a7a[_0x70a100], _0x223d01[_0x70a100] = _0x136a7a[_0x70a100];
        }
        _0x4dca57['\x73\x65\x74\x53\x61\x6d\x70\x6c\x65\x73'](_0x6886f9, _0x4221fb, 0x0), _0x4dca57['\x73\x65\x74\x53\x61\x6d\x70\x6c\x65\x73'](_0x5cddd5, _0x4221fb, 0x1), _0x4dca57['\x73\x65\x74\x53\x61\x6d\x70\x6c\x65\x73'](_0x223d01, _0x4221fb, 0x2);
    }
    return _0x4dca57;
}
function processImage(_0x1df5b6, _0x172848) {
    var _0x30302d = _0x172848['\x6e\x62\x50\x61\x6c\x65\x74\x74\x65'] && _0x172848['\x6e\x62\x50\x61\x6c\x65\x74\x74\x65'] > 0x0 && _0x1df5b6['\x6e\x75\x6d\x62\x65\x72\x4f\x66\x43\x68\x61\x6e\x6e\x65\x6c\x73'] >= 0x3;
    if (_0x30302d)
        applyNarrowbandNorm(_0x1df5b6, _0x172848);
    _0x172848['\x62\x6c\x61\x63\x6b\x70\x6f\x69\x6e\x74'] > 0x0 && runHT(_0x1df5b6, _0x172848['\x62\x6c\x61\x63\x6b\x70\x6f\x69\x6e\x74'], 0.5, 0x1);
    if (_0x172848['\x74\x61\x72\x67\x65\x74\x4d\x65\x64'] > 0x0) {
        var _0x10f4bb = _0x1df5b6['\x6e\x75\x6d\x62\x65\x72\x4f\x66\x43\x68\x61\x6e\x6e\x65\x6c\x73'], _0x2b4f37 = _0x10f4bb >= 0x3 ? 0x1 : 0x0, _0x255aee = _0x1df5b6['\x77\x69\x64\x74\x68'], _0x5ae434 = _0x1df5b6['\x68\x65\x69\x67\x68\x74'], _0x4cf350 = Math['\x6d\x61\x78'](0x4, Math['\x66\x6c\x6f\x6f\x72'](Math['\x6d\x69\x6e'](_0x255aee, _0x5ae434) / 0x64)), _0x33d41a = [];
        for (var _0x17d5e8 = 0x0; _0x17d5e8 < _0x5ae434; _0x17d5e8 += _0x4cf350)
            for (var _0x119f6a = 0x0; _0x119f6a < _0x255aee; _0x119f6a += _0x4cf350)
                _0x33d41a['\x70\x75\x73\x68'](_0x1df5b6['\x73\x61\x6d\x70\x6c\x65'](_0x119f6a, _0x17d5e8, _0x2b4f37));
        _0x33d41a['\x73\x6f\x72\x74'](function (_0x249c63, _0x3092b9) {
            return _0x249c63 - _0x3092b9;
        });
        var _0x162acf = _0x33d41a[Math['\x66\x6c\x6f\x6f\x72'](_0x33d41a['\x6c\x65\x6e\x67\x74\x68'] * 0.5)];
        if (_0x162acf > 0x0 && _0x162acf < _0x172848['\x74\x61\x72\x67\x65\x74\x4d\x65\x64']) {
            var _0x27a414 = _0x162acf, _0x1772de = _0x172848['\x74\x61\x72\x67\x65\x74\x4d\x65\x64'], _0x45f066 = _0x27a414 * (_0x1772de - 0x1) / (_0x27a414 * (0x2 * _0x1772de - 0x1) - _0x1772de);
            _0x45f066 = Math['\x6d\x61\x78'](0.01, Math['\x6d\x69\x6e'](0.99, _0x45f066)), runHT(_0x1df5b6, 0x0, _0x45f066, 0x1);
        }
    }
    if (Math['\x61\x62\x73'](_0x172848['\x67\x65\x6e\x53\x74\x72\x65\x74\x63\x68']) > 0.001) {
        var _0x4bbd68 = _0x172848['\x67\x65\x6e\x53\x74\x72\x65\x74\x63\x68'], _0x29f499;
        _0x4bbd68 > 0x0 ? _0x29f499 = 0.5 * Math['\x70\x6f\x77'](0.04, _0x4bbd68) : _0x29f499 = 0.5 + -_0x4bbd68 * 0.49, _0x29f499 = Math['\x6d\x61\x78'](0.01, Math['\x6d\x69\x6e'](0.99, _0x29f499)), runHT(_0x1df5b6, 0x0, _0x29f499, 0x1);
    }
    if (_0x172848['\x68\x64\x72\x53\x74\x72\x65\x6e\x67\x74\x68'] > 0x0)
        try {
            var _0x57f7b7 = _0x1df5b6['\x77\x69\x64\x74\x68'] * _0x1df5b6['\x68\x65\x69\x67\x68\x74'], _0x227f96 = new Rect(0x0, 0x0, _0x1df5b6['\x77\x69\x64\x74\x68'], _0x1df5b6['\x68\x65\x69\x67\x68\x74']), _0x998785 = [];
            for (var _0x75b715 = 0x0; _0x75b715 < _0x1df5b6['\x6e\x75\x6d\x62\x65\x72\x4f\x66\x43\x68\x61\x6e\x6e\x65\x6c\x73']; _0x75b715++) {
                var _0x5521b3 = new Float32Array(_0x57f7b7);
                _0x1df5b6['\x67\x65\x74\x53\x61\x6d\x70\x6c\x65\x73'](_0x5521b3, _0x227f96, _0x75b715), _0x998785['\x70\x75\x73\x68'](_0x5521b3);
            }
            ensureTmp(_0x1df5b6);
            var _0x317c86 = new HDRMultiscaleTransform();
            _0x317c86['\x6e\x75\x6d\x62\x65\x72\x4f\x66\x4c\x61\x79\x65\x72\x73'] = 0x4, _0x317c86['\x70\x72\x65\x73\x65\x72\x76\x65\x48\x75\x65'] = !![], _0x317c86['\x6c\x75\x6d\x69\x6e\x61\x6e\x63\x65\x4d\x61\x73\x6b'] = !![], _0x317c86['\x65\x78\x65\x63\x75\x74\x65\x4f\x6e'](G_TMP['\x6d\x61\x69\x6e\x56\x69\x65\x77']);
            var _0x4198f0 = _0x172848['\x68\x64\x72\x53\x74\x72\x65\x6e\x67\x74\x68'];
            for (var _0x75b715 = 0x0; _0x75b715 < _0x1df5b6['\x6e\x75\x6d\x62\x65\x72\x4f\x66\x43\x68\x61\x6e\x6e\x65\x6c\x73']; _0x75b715++) {
                var _0x963996 = new Float32Array(_0x57f7b7);
                G_TMP['\x6d\x61\x69\x6e\x56\x69\x65\x77']['\x69\x6d\x61\x67\x65']['\x67\x65\x74\x53\x61\x6d\x70\x6c\x65\x73'](_0x963996, _0x227f96, _0x75b715);
                for (var _0x1d96ab = 0x0; _0x1d96ab < _0x57f7b7; _0x1d96ab++)
                    _0x963996[_0x1d96ab] = Math['\x6d\x61\x78'](0x0, Math['\x6d\x69\x6e'](0x1, _0x998785[_0x75b715][_0x1d96ab] * (0x1 - _0x4198f0) + _0x963996[_0x1d96ab] * _0x4198f0));
                _0x1df5b6['\x73\x65\x74\x53\x61\x6d\x70\x6c\x65\x73'](_0x963996, _0x227f96, _0x75b715);
            }
        } catch (_0x3b63fb) {
        }
    if (Math['\x61\x62\x73'](_0x172848['\x63\x6f\x6e\x74\x72\x61\x73\x74\x42\x6f\x6f\x73\x74']) > 0.001) {
        var _0x3dfd1f = new CurvesTransformation(), _0x4198f0 = _0x172848['\x63\x6f\x6e\x74\x72\x61\x73\x74\x42\x6f\x6f\x73\x74'] * 0.15;
        _0x3dfd1f['\x4b'] = [
            [
                0x0,
                0x0
            ],
            [
                0.25,
                Math['\x6d\x61\x78'](0x0, 0.25 - _0x4198f0)
            ],
            [
                0.5,
                0.5
            ],
            [
                0.75,
                Math['\x6d\x69\x6e'](0x1, 0.75 + _0x4198f0)
            ],
            [
                0x1,
                0x1
            ]
        ], ensureTmp(_0x1df5b6), _0x3dfd1f['\x65\x78\x65\x63\x75\x74\x65\x4f\x6e'](G_TMP['\x6d\x61\x69\x6e\x56\x69\x65\x77']);
        var _0x29e594 = _0x1df5b6['\x77\x69\x64\x74\x68'] * _0x1df5b6['\x68\x65\x69\x67\x68\x74'], _0x4a0aee = new Rect(0x0, 0x0, _0x1df5b6['\x77\x69\x64\x74\x68'], _0x1df5b6['\x68\x65\x69\x67\x68\x74']);
        for (var _0x75b715 = 0x0; _0x75b715 < _0x1df5b6['\x6e\x75\x6d\x62\x65\x72\x4f\x66\x43\x68\x61\x6e\x6e\x65\x6c\x73']; _0x75b715++) {
            var _0x44d248 = new Float32Array(_0x29e594);
            G_TMP['\x6d\x61\x69\x6e\x56\x69\x65\x77']['\x69\x6d\x61\x67\x65']['\x67\x65\x74\x53\x61\x6d\x70\x6c\x65\x73'](_0x44d248, _0x4a0aee, _0x75b715), _0x1df5b6['\x73\x65\x74\x53\x61\x6d\x70\x6c\x65\x73'](_0x44d248, _0x4a0aee, _0x75b715);
        }
    }
    if (Math['\x61\x62\x73'](_0x172848['\x62\x67\x42\x72\x69\x67\x68\x74\x6e\x65\x73\x73']) > 0.001) {
        var _0x3dfd1f = new CurvesTransformation(), _0x310bf6 = _0x172848['\x62\x67\x42\x72\x69\x67\x68\x74\x6e\x65\x73\x73'] * 0.15;
        _0x3dfd1f['\x4b'] = [
            [
                0x0,
                Math['\x6d\x61\x78'](0x0, _0x310bf6)
            ],
            [
                0.5,
                Math['\x6d\x61\x78'](0x0, Math['\x6d\x69\x6e'](0x1, 0.5 + _0x310bf6 * 0.3))
            ],
            [
                0x1,
                0x1
            ]
        ], ensureTmp(_0x1df5b6), _0x3dfd1f['\x65\x78\x65\x63\x75\x74\x65\x4f\x6e'](G_TMP['\x6d\x61\x69\x6e\x56\x69\x65\x77']);
        var _0x29e594 = _0x1df5b6['\x77\x69\x64\x74\x68'] * _0x1df5b6['\x68\x65\x69\x67\x68\x74'], _0x4a0aee = new Rect(0x0, 0x0, _0x1df5b6['\x77\x69\x64\x74\x68'], _0x1df5b6['\x68\x65\x69\x67\x68\x74']);
        for (var _0x75b715 = 0x0; _0x75b715 < _0x1df5b6['\x6e\x75\x6d\x62\x65\x72\x4f\x66\x43\x68\x61\x6e\x6e\x65\x6c\x73']; _0x75b715++) {
            var _0x44d248 = new Float32Array(_0x29e594);
            G_TMP['\x6d\x61\x69\x6e\x56\x69\x65\x77']['\x69\x6d\x61\x67\x65']['\x67\x65\x74\x53\x61\x6d\x70\x6c\x65\x73'](_0x44d248, _0x4a0aee, _0x75b715), _0x1df5b6['\x73\x65\x74\x53\x61\x6d\x70\x6c\x65\x73'](_0x44d248, _0x4a0aee, _0x75b715);
        }
    }
    if (Math['\x61\x62\x73'](_0x172848['\x6d\x69\x64\x42\x72\x69\x67\x68\x74\x6e\x65\x73\x73']) > 0.001) {
        var _0x3e99db = 0.5 - _0x172848['\x6d\x69\x64\x42\x72\x69\x67\x68\x74\x6e\x65\x73\x73'] * 0.35;
        _0x3e99db = Math['\x6d\x61\x78'](0.01, Math['\x6d\x69\x6e'](0.99, _0x3e99db)), runHT(_0x1df5b6, 0x0, _0x3e99db, 0x1);
    }
    _0x172848['\x68\x69\x43\x6c\x69\x70'] > 0x0 && runHT(_0x1df5b6, 0x0, 0.5, 0x1 - _0x172848['\x68\x69\x43\x6c\x69\x70'] * 0.1);
    applyBgLock(_0x1df5b6, _0x172848);
    if (_0x30302d && _0x172848['\x6e\x62\x53\x63\x6e\x72'] > 0.001)
        applyScnr(_0x1df5b6, _0x172848['\x6e\x62\x53\x63\x6e\x72']);
    if (_0x30302d && _0x172848['\x6e\x62\x48\x61\x4c\x75\x6d']) {
        var _0x71e167 = [
                [
                    0x0,
                    0x1,
                    -0x1
                ],
                [
                    0x1,
                    0x2,
                    0x0
                ],
                [
                    0x0,
                    0x2,
                    0x1
                ],
                [
                    0x0,
                    0x1,
                    0x2
                ]
            ], _0xa65514 = _0x71e167[_0x172848['\x6e\x62\x50\x61\x6c\x65\x74\x74\x65'] - 0x1] || _0x71e167[0x0];
        applyHaAsLuminance(_0x1df5b6, _0xa65514[0x0]);
    }
    Math['\x61\x62\x73'](_0x172848['\x73\x61\x74\x75\x72\x61\x74\x69\x6f\x6e'] - 0x1) > 0.002 && _0x1df5b6['\x6e\x75\x6d\x62\x65\x72\x4f\x66\x43\x68\x61\x6e\x6e\x65\x6c\x73'] >= 0x3 && applySaturation(_0x1df5b6, _0x172848['\x73\x61\x74\x75\x72\x61\x74\x69\x6f\x6e'], _0x172848['\x73\x61\x74\x4d\x61\x73\x6b'] || 0x0, _0x172848['\x73\x61\x74\x4d\x61\x73\x6b\x49\x6e\x76\x65\x72\x74'] || ![]);
    applyChannelBalance(_0x1df5b6, _0x172848['\x73\x61\x74\x52'] || 0x1, _0x172848['\x73\x61\x74\x47'] || 0x1, _0x172848['\x73\x61\x74\x42'] || 0x1, _0x172848['\x73\x61\x74\x4d\x61\x73\x6b'] || 0x0, _0x172848['\x73\x61\x74\x4d\x61\x73\x6b\x49\x6e\x76\x65\x72\x74'] || ![]);
    if (_0x172848['\x63\x6f\x72\x72\x65\x63\x74\x4d\x61\x67\x65\x6e\x74\x61'] && _0x1df5b6['\x6e\x75\x6d\x62\x65\x72\x4f\x66\x43\x68\x61\x6e\x6e\x65\x6c\x73'] >= 0x3) {
        var _0x5d36d8 = _0x1df5b6['\x77\x69\x64\x74\x68'] * _0x1df5b6['\x68\x65\x69\x67\x68\x74'], _0x139df1 = new Rect(0x0, 0x0, _0x1df5b6['\x77\x69\x64\x74\x68'], _0x1df5b6['\x68\x65\x69\x67\x68\x74']), _0x5ef0cd = new Float32Array(_0x5d36d8), _0x5079d1 = new Float32Array(_0x5d36d8), _0x4fe076 = new Float32Array(_0x5d36d8);
        _0x1df5b6['\x67\x65\x74\x53\x61\x6d\x70\x6c\x65\x73'](_0x5ef0cd, _0x139df1, 0x0), _0x1df5b6['\x67\x65\x74\x53\x61\x6d\x70\x6c\x65\x73'](_0x5079d1, _0x139df1, 0x1), _0x1df5b6['\x67\x65\x74\x53\x61\x6d\x70\x6c\x65\x73'](_0x4fe076, _0x139df1, 0x2);
        for (var _0x3c45bc = 0x0; _0x3c45bc < _0x5d36d8; _0x3c45bc++) {
            var _0x356c57 = _0x5ef0cd[_0x3c45bc], _0x3bbf80 = _0x5079d1[_0x3c45bc], _0x173b7c = _0x4fe076[_0x3c45bc], _0x509a52 = Math['\x6d\x69\x6e'](_0x356c57, _0x173b7c) - _0x3bbf80;
            if (_0x509a52 > 0.01)
                _0x5079d1[_0x3c45bc] = Math['\x6d\x69\x6e'](0x1, _0x3bbf80 + _0x509a52 * 0.8);
        }
        _0x1df5b6['\x73\x65\x74\x53\x61\x6d\x70\x6c\x65\x73'](_0x5079d1, _0x139df1, 0x1);
    }
    if (_0x172848['\x73\x6b\x79\x53\x6d\x6f\x6f\x74\x68'] > 0x0)
        try {
            ensureTmp(_0x1df5b6);
            var _0x18da7b = new ATrousWaveletTransform();
            _0x18da7b['\x6c\x61\x79\x65\x72\x73'] = [
                [
                    !![],
                    !![],
                    0x1,
                    ![],
                    0x3
                ],
                [
                    !![],
                    !![],
                    0.8,
                    ![],
                    0x2
                ],
                [
                    !![],
                    !![],
                    _0x172848['\x73\x6b\x79\x53\x6d\x6f\x6f\x74\x68'] * 0.6,
                    ![],
                    0x1
                ],
                [
                    !![],
                    !![],
                    0x0,
                    ![],
                    0x0
                ],
                [
                    !![],
                    !![],
                    0x0,
                    ![],
                    0x0
                ]
            ], _0x18da7b['\x65\x78\x65\x63\x75\x74\x65\x4f\x6e'](G_TMP['\x6d\x61\x69\x6e\x56\x69\x65\x77']);
            var _0x233ded = _0x1df5b6['\x77\x69\x64\x74\x68'] * _0x1df5b6['\x68\x65\x69\x67\x68\x74'], _0x855dbc = new Rect(0x0, 0x0, _0x1df5b6['\x77\x69\x64\x74\x68'], _0x1df5b6['\x68\x65\x69\x67\x68\x74']);
            for (var _0x75b715 = 0x0; _0x75b715 < _0x1df5b6['\x6e\x75\x6d\x62\x65\x72\x4f\x66\x43\x68\x61\x6e\x6e\x65\x6c\x73']; _0x75b715++) {
                var _0x3245f6 = new Float32Array(_0x233ded);
                G_TMP['\x6d\x61\x69\x6e\x56\x69\x65\x77']['\x69\x6d\x61\x67\x65']['\x67\x65\x74\x53\x61\x6d\x70\x6c\x65\x73'](_0x3245f6, _0x855dbc, _0x75b715), _0x1df5b6['\x73\x65\x74\x53\x61\x6d\x70\x6c\x65\x73'](_0x3245f6, _0x855dbc, _0x75b715);
            }
        } catch (_0xac7650) {
        }
    return _0x1df5b6;
}
class EasyStretchMonoDialog extends Dialog {
    constructor() {
        super();
        var _0x413ecb = this;
        this['\x6f\x72\x69\x67\x49\x6d\x67'] = null, this['\x70\x72\x65\x76\x69\x65\x77\x49\x6d\x67'] = null, this['\x6c\x61\x73\x74\x52\x65\x73'] = null, this['\x72\x61\x77\x4f\x72\x69\x67\x49\x6d\x67'] = null, this['\x72\x61\x77\x50\x72\x65\x76\x69\x65\x77\x49\x6d\x67'] = null, this['\x6c\x61\x73\x74\x4c\x69\x6e\x65\x61\x72\x46\x69\x74\x4e\x42'] = null, this['\x70\x72\x65\x76\x69\x65\x77\x53\x63\x61\x6c\x65'] = SCALE, this['\x63\x6f\x6d\x70\x6f\x73\x65\x64\x57\x69\x6e'] = null, this['\x70'] = defaultParams(), this['\x73\x74\x61\x72\x73\x57\x69\x6e'] = null, this['\x73\x74\x61\x72\x73\x49\x6d\x67'] = null, this['\x73\x74\x61\x72\x73\x50\x72\x65\x76\x69\x65\x77\x49\x6d\x67'] = null, this['\x73\x74\x61\x72\x73\x53\x65\x70\x61\x72\x61\x74\x65\x64'] = ![], this['\x70\x72\x65\x76\x69\x65\x77\x57\x69\x74\x68\x53\x74\x61\x72\x73'] = ![], this['\x73\x74\x66\x4d\x6f\x64\x65'] = ![], this['\x70\x48\x69\x73\x74\x6f\x72\x79'] = [], this['\x72\x65\x73\x74\x6f\x72\x69\x6e\x67\x53\x74\x61\x74\x65'] = ![], this['\x73\x68\x6f\x77\x69\x6e\x67\x42\x65\x66\x6f\x72\x65'] = ![], this['\x5f\x62\x65\x66\x6f\x72\x65\x52\x65\x73'] = null, this['\x5f\x61\x66\x74\x65\x72\x52\x65\x73'] = null, this['\x63\x6f\x6d\x70\x61\x72\x65\x42\x61\x73\x65\x6c\x69\x6e\x65'] = null, this['\x7a\x6f\x6f\x6d\x4d\x6f\x64\x65'] = ![], this['\x7a\x6f\x6f\x6d\x4c\x65\x76\x65\x6c'] = 0x4, this['\x7a\x6f\x6f\x6d\x43\x58'] = 0x0, this['\x7a\x6f\x6f\x6d\x43\x59'] = 0x0, this['\x70\x72\x65\x76\x69\x65\x77\x42\x69\x74\x6d\x61\x70'] = null, this['\x50\x57'] = PW, this['\x50\x48'] = PH, this['\x69\x73\x44\x72\x61\x67\x67\x69\x6e\x67'] = ![], this['\x64\x72\x61\x67\x53\x74\x61\x72\x74'] = {
            '\x78': 0x0,
            '\x79': 0x0
        }, this['\x64\x72\x61\x67\x43\x75\x72\x72\x65\x6e\x74'] = {
            '\x78': 0x0,
            '\x79': 0x0
        }, this['\x6e\x65\x65\x64\x73\x52\x65\x66\x72\x65\x73\x68'] = ![], this['\x63\x68\x4c'] = null, this['\x63\x68\x52'] = null, this['\x63\x68\x47'] = null, this['\x63\x68\x42'] = null, this['\x63\x68\x48\x61'] = null, this['\x63\x68\x4f\x49\x49\x49'] = null, this['\x63\x68\x53\x49\x49'] = null, this['\x73\x72\x63\x57\x69\x6e\x64\x6f\x77\x73'] = [];
        var _0xaf7f = ImageWindow['\x77\x69\x6e\x64\x6f\x77\x73'];
        for (var _0x5878dd = 0x0; _0x5878dd < _0xaf7f['\x6c\x65\x6e\x67\x74\x68']; _0x5878dd++) {
            var _0x2d8b9a = _0xaf7f[_0x5878dd];
            if (amxUsableWin(_0x2d8b9a))
                _0x413ecb['\x73\x72\x63\x57\x69\x6e\x64\x6f\x77\x73']['\x70\x75\x73\x68'](_0x2d8b9a);
        }
        var _0x43b8b5 = null;
        if (ImageWindow['\x61\x63\x74\x69\x76\x65\x57\x69\x6e\x64\x6f\x77'] && !ImageWindow['\x61\x63\x74\x69\x76\x65\x57\x69\x6e\x64\x6f\x77']['\x69\x73\x4e\x75\x6c\x6c'] && ImageWindow['\x61\x63\x74\x69\x76\x65\x57\x69\x6e\x64\x6f\x77']['\x6d\x61\x69\x6e\x56\x69\x65\x77']['\x69\x64']['\x69\x6e\x64\x65\x78\x4f\x66']('\x41\x73\x74\x72\x6f\x4d\x61\x78\x54\x6d\x70') < 0x0)
            _0x43b8b5 = ImageWindow['\x61\x63\x74\x69\x76\x65\x57\x69\x6e\x64\x6f\x77'];
        else {
            if (_0x413ecb['\x73\x72\x63\x57\x69\x6e\x64\x6f\x77\x73']['\x6c\x65\x6e\x67\x74\x68'] > 0x0)
                _0x43b8b5 = _0x413ecb['\x73\x72\x63\x57\x69\x6e\x64\x6f\x77\x73'][0x0];
        }
        _0x43b8b5 && (_0x413ecb['\x6f\x72\x69\x67\x49\x6d\x67'] = cloneImg(_0x43b8b5['\x6d\x61\x69\x6e\x56\x69\x65\x77']['\x69\x6d\x61\x67\x65']), _0x413ecb['\x70\x72\x65\x76\x69\x65\x77\x49\x6d\x67'] = scaleImage(_0x413ecb['\x6f\x72\x69\x67\x49\x6d\x67'], _0x413ecb['\x70\x72\x65\x76\x69\x65\x77\x53\x63\x61\x6c\x65']), _0x413ecb['\x72\x61\x77\x4f\x72\x69\x67\x49\x6d\x67'] = cloneImg(_0x413ecb['\x6f\x72\x69\x67\x49\x6d\x67']), _0x413ecb['\x72\x61\x77\x50\x72\x65\x76\x69\x65\x77\x49\x6d\x67'] = cloneImg(_0x413ecb['\x70\x72\x65\x76\x69\x65\x77\x49\x6d\x67']));
        this['\x77\x69\x6e\x64\x6f\x77\x54\x69\x74\x6c\x65'] = TITLE + '\x20\x76' + VERSION, this['\x63\x61\x6e\x76\x61\x73'] = new Control(this);
        var _0x3fb135 = this['\x61\x76\x61\x69\x6c\x61\x62\x6c\x65\x53\x63\x72\x65\x65\x6e\x52\x65\x63\x74'];
        this['\x63\x61\x6e\x76\x61\x73']['\x73\x65\x74\x4d\x69\x6e\x53\x69\x7a\x65'](Math['\x6d\x69\x6e'](PW, Math['\x6d\x61\x78'](0x17c, _0x3fb135['\x77\x69\x64\x74\x68'] - 0x21c)), Math['\x6d\x69\x6e'](PH, Math['\x6d\x61\x78'](0x104, _0x3fb135['\x68\x65\x69\x67\x68\x74'] - 0x17c))), this['\x63\x61\x6e\x76\x61\x73']['\x62\x61\x63\x6b\x67\x72\x6f\x75\x6e\x64\x43\x6f\x6c\x6f\x72'] = 0xff000000, this['\x63\x61\x6e\x76\x61\x73']['\x6f\x6e\x50\x61\x69\x6e\x74'] = function (_0x49c02e, _0x55f5f4, _0x22e83b, _0x2aedd7) {
            var _0x3d1782 = _0x413ecb['\x63\x61\x6e\x76\x61\x73']['\x77\x69\x64\x74\x68'], _0x4756d1 = _0x413ecb['\x63\x61\x6e\x76\x61\x73']['\x68\x65\x69\x67\x68\x74'], _0x1b1f1c = new Graphics(_0x413ecb['\x63\x61\x6e\x76\x61\x73']);
            _0x1b1f1c['\x66\x69\x6c\x6c\x52\x65\x63\x74'](0x0, 0x0, _0x3d1782, _0x4756d1, new Brush(0xff101010));
            if (_0x413ecb['\x70\x72\x65\x76\x69\x65\x77\x42\x69\x74\x6d\x61\x70'])
                _0x1b1f1c['\x64\x72\x61\x77\x42\x69\x74\x6d\x61\x70'](0x0, 0x0, _0x413ecb['\x70\x72\x65\x76\x69\x65\x77\x42\x69\x74\x6d\x61\x70']);
            if (_0x413ecb['\x69\x73\x44\x72\x61\x67\x67\x69\x6e\x67']) {
                var _0x3f2267 = Math['\x6d\x69\x6e'](_0x413ecb['\x64\x72\x61\x67\x53\x74\x61\x72\x74']['\x78'], _0x413ecb['\x64\x72\x61\x67\x43\x75\x72\x72\x65\x6e\x74']['\x78']), _0x52a4de = Math['\x6d\x69\x6e'](_0x413ecb['\x64\x72\x61\x67\x53\x74\x61\x72\x74']['\x79'], _0x413ecb['\x64\x72\x61\x67\x43\x75\x72\x72\x65\x6e\x74']['\x79']), _0x9d9210 = Math['\x6d\x61\x78'](_0x413ecb['\x64\x72\x61\x67\x53\x74\x61\x72\x74']['\x78'], _0x413ecb['\x64\x72\x61\x67\x43\x75\x72\x72\x65\x6e\x74']['\x78']), _0x4d6943 = Math['\x6d\x61\x78'](_0x413ecb['\x64\x72\x61\x67\x53\x74\x61\x72\x74']['\x79'], _0x413ecb['\x64\x72\x61\x67\x43\x75\x72\x72\x65\x6e\x74']['\x79']);
                _0x1b1f1c['\x70\x65\x6e'] = new Pen(0xffffff00, 0x1), _0x1b1f1c['\x64\x72\x61\x77\x52\x65\x63\x74'](_0x3f2267, _0x52a4de, _0x9d9210, _0x4d6943);
            }
            _0x1b1f1c['\x65\x6e\x64']();
        }, this['\x63\x61\x6e\x76\x61\x73']['\x6f\x6e\x52\x65\x73\x69\x7a\x65'] = function (_0x51c046, _0x172a1e) {
            _0x413ecb['\x72\x65\x6e\x64\x65\x72\x50\x72\x65\x76\x69\x65\x77']();
        }, this['\x63\x61\x6e\x76\x61\x73']['\x6f\x6e\x4d\x6f\x75\x73\x65\x50\x72\x65\x73\x73'] = function (_0xb7be0f, _0x467a65, _0xd4e4a, _0x2e932a, _0x1bd3cc) {
            if (!_0x413ecb['\x6c\x61\x73\x74\x52\x65\x73'])
                return;
            if (_0x413ecb['\x7a\x6f\x6f\x6d\x4d\x6f\x64\x65']) {
                var _0x351520 = _0x413ecb['\x63\x61\x6e\x76\x61\x73']['\x77\x69\x64\x74\x68'] || PW, _0x3ef6ad = _0x413ecb['\x63\x61\x6e\x76\x61\x73']['\x68\x65\x69\x67\x68\x74'] || PH, _0xde5297 = _0x413ecb['\x6c\x61\x73\x74\x52\x65\x73']['\x77\x69\x64\x74\x68'], _0x154515 = _0x413ecb['\x6c\x61\x73\x74\x52\x65\x73']['\x68\x65\x69\x67\x68\x74'], _0xff6c71 = Math['\x72\x6f\x75\x6e\x64'](_0x351520 / _0x413ecb['\x7a\x6f\x6f\x6d\x4c\x65\x76\x65\x6c']), _0x3068f6 = Math['\x72\x6f\x75\x6e\x64'](_0x3ef6ad / _0x413ecb['\x7a\x6f\x6f\x6d\x4c\x65\x76\x65\x6c']), _0x7b6dcc = Math['\x6d\x61\x78'](0x0, Math['\x6d\x69\x6e'](_0xde5297 - _0xff6c71, Math['\x72\x6f\x75\x6e\x64'](_0x413ecb['\x7a\x6f\x6f\x6d\x43\x58'] - _0xff6c71 / 0x2))), _0x4bb8df = Math['\x6d\x61\x78'](0x0, Math['\x6d\x69\x6e'](_0x154515 - _0x3068f6, Math['\x72\x6f\x75\x6e\x64'](_0x413ecb['\x7a\x6f\x6f\x6d\x43\x59'] - _0x3068f6 / 0x2)));
                _0x413ecb['\x7a\x6f\x6f\x6d\x43\x58'] = Math['\x6d\x61\x78'](0x0, Math['\x6d\x69\x6e'](_0xde5297 - 0x1, _0x7b6dcc + Math['\x66\x6c\x6f\x6f\x72'](_0xb7be0f / _0x413ecb['\x7a\x6f\x6f\x6d\x4c\x65\x76\x65\x6c']))), _0x413ecb['\x7a\x6f\x6f\x6d\x43\x59'] = Math['\x6d\x61\x78'](0x0, Math['\x6d\x69\x6e'](_0x154515 - 0x1, _0x4bb8df + Math['\x66\x6c\x6f\x6f\x72'](_0x467a65 / _0x413ecb['\x7a\x6f\x6f\x6d\x4c\x65\x76\x65\x6c']))), _0x413ecb['\x72\x65\x6e\x64\x65\x72\x50\x72\x65\x76\x69\x65\x77']();
            } else
                _0x413ecb['\x69\x73\x44\x72\x61\x67\x67\x69\x6e\x67'] = !![], _0x413ecb['\x64\x72\x61\x67\x53\x74\x61\x72\x74'] = {
                    '\x78': _0xb7be0f,
                    '\x79': _0x467a65
                }, _0x413ecb['\x64\x72\x61\x67\x43\x75\x72\x72\x65\x6e\x74'] = {
                    '\x78': _0xb7be0f,
                    '\x79': _0x467a65
                };
        }, this['\x63\x61\x6e\x76\x61\x73']['\x6f\x6e\x4d\x6f\x75\x73\x65\x4d\x6f\x76\x65'] = function (_0x1af3ad, _0xa05cb0, _0xa742aa, _0x273068) {
            if (!_0x413ecb['\x69\x73\x44\x72\x61\x67\x67\x69\x6e\x67'])
                return;
            _0x413ecb['\x64\x72\x61\x67\x43\x75\x72\x72\x65\x6e\x74'] = {
                '\x78': _0x1af3ad,
                '\x79': _0xa05cb0
            }, _0x413ecb['\x63\x61\x6e\x76\x61\x73']['\x72\x65\x70\x61\x69\x6e\x74']();
        }, this['\x63\x61\x6e\x76\x61\x73']['\x6f\x6e\x4d\x6f\x75\x73\x65\x52\x65\x6c\x65\x61\x73\x65'] = function (_0x4d3f1f, _0x3e3e51, _0x850417, _0x31cb75, _0x426f9e) {
            if (!_0x413ecb['\x69\x73\x44\x72\x61\x67\x67\x69\x6e\x67'])
                return;
            _0x413ecb['\x69\x73\x44\x72\x61\x67\x67\x69\x6e\x67'] = ![];
            if (!_0x413ecb['\x6c\x61\x73\x74\x52\x65\x73']) {
                _0x413ecb['\x63\x61\x6e\x76\x61\x73']['\x72\x65\x70\x61\x69\x6e\x74']();
                return;
            }
            var _0x14102c = _0x413ecb['\x63\x61\x6e\x76\x61\x73']['\x77\x69\x64\x74\x68'] || PW, _0x495ca6 = _0x413ecb['\x63\x61\x6e\x76\x61\x73']['\x68\x65\x69\x67\x68\x74'] || PH, _0x214f8c = _0x413ecb['\x6c\x61\x73\x74\x52\x65\x73']['\x77\x69\x64\x74\x68'], _0x1d7b0e = _0x413ecb['\x6c\x61\x73\x74\x52\x65\x73']['\x68\x65\x69\x67\x68\x74'], _0x5b0790 = Math['\x6d\x69\x6e'](_0x413ecb['\x64\x72\x61\x67\x53\x74\x61\x72\x74']['\x78'], _0x4d3f1f), _0x2f1804 = Math['\x6d\x69\x6e'](_0x413ecb['\x64\x72\x61\x67\x53\x74\x61\x72\x74']['\x79'], _0x3e3e51), _0x350e44 = Math['\x6d\x61\x78'](_0x413ecb['\x64\x72\x61\x67\x53\x74\x61\x72\x74']['\x78'], _0x4d3f1f), _0xfc5e8a = Math['\x6d\x61\x78'](_0x413ecb['\x64\x72\x61\x67\x53\x74\x61\x72\x74']['\x79'], _0x3e3e51);
            if (_0x350e44 - _0x5b0790 < 0x8 || _0xfc5e8a - _0x2f1804 < 0x8) {
                _0x413ecb['\x63\x61\x6e\x76\x61\x73']['\x72\x65\x70\x61\x69\x6e\x74']();
                return;
            }
            var _0x42070e = Math['\x6d\x69\x6e'](_0x14102c / _0x214f8c, _0x495ca6 / _0x1d7b0e), _0x2b4342 = Math['\x72\x6f\x75\x6e\x64'](_0x214f8c * _0x42070e), _0x1a6e1a = Math['\x72\x6f\x75\x6e\x64'](_0x1d7b0e * _0x42070e), _0x432a6e = Math['\x66\x6c\x6f\x6f\x72']((_0x14102c - _0x2b4342) / 0x2), _0x20cc36 = Math['\x66\x6c\x6f\x6f\x72']((_0x495ca6 - _0x1a6e1a) / 0x2), _0x486d5c = Math['\x6d\x61\x78'](0x0, Math['\x72\x6f\x75\x6e\x64']((_0x5b0790 - _0x432a6e) / _0x42070e)), _0x308637 = Math['\x6d\x61\x78'](0x0, Math['\x72\x6f\x75\x6e\x64']((_0x2f1804 - _0x20cc36) / _0x42070e)), _0x4c70e2 = Math['\x6d\x69\x6e'](_0x214f8c, Math['\x72\x6f\x75\x6e\x64']((_0x350e44 - _0x432a6e) / _0x42070e)), _0x4e802e = Math['\x6d\x69\x6e'](_0x1d7b0e, Math['\x72\x6f\x75\x6e\x64']((_0xfc5e8a - _0x20cc36) / _0x42070e)), _0x47f0a2 = _0x4c70e2 - _0x486d5c, _0x442b94 = _0x4e802e - _0x308637;
            if (_0x47f0a2 < 0x4 || _0x442b94 < 0x4) {
                _0x413ecb['\x63\x61\x6e\x76\x61\x73']['\x72\x65\x70\x61\x69\x6e\x74']();
                return;
            }
            _0x413ecb['\x7a\x6f\x6f\x6d\x43\x58'] = Math['\x72\x6f\x75\x6e\x64']((_0x486d5c + _0x4c70e2) / 0x2), _0x413ecb['\x7a\x6f\x6f\x6d\x43\x59'] = Math['\x72\x6f\x75\x6e\x64']((_0x308637 + _0x4e802e) / 0x2);
            var _0x1e8e0e = Math['\x6d\x69\x6e'](_0x14102c / _0x47f0a2, _0x495ca6 / _0x442b94);
            _0x413ecb['\x7a\x6f\x6f\x6d\x4c\x65\x76\x65\x6c'] = _0x1e8e0e >= 0x6 ? 0x8 : _0x1e8e0e >= 0x3 ? 0x4 : 0x2, _0x413ecb['\x7a\x6f\x6f\x6d\x4d\x6f\x64\x65'] = !![], _0x413ecb['\x72\x65\x6e\x64\x65\x72\x50\x72\x65\x76\x69\x65\x77']();
        }, this['\x62\x74\x6e\x5a\x6f\x6f\x6d\x46\x75\x6c\x6c'] = new PushButton(this), this['\x62\x74\x6e\x5a\x6f\x6f\x6d\x46\x75\x6c\x6c']['\x74\x65\x78\x74'] = '\x46\x69\x74', this['\x62\x74\x6e\x5a\x6f\x6f\x6d\x46\x75\x6c\x6c']['\x6f\x6e\x43\x6c\x69\x63\x6b'] = function () {
            _0x413ecb['\x7a\x6f\x6f\x6d\x4d\x6f\x64\x65'] = ![], _0x413ecb['\x7a\x6f\x6f\x6d\x4c\x65\x76\x65\x6c'] = 0x4, _0x413ecb['\x72\x65\x6e\x64\x65\x72\x50\x72\x65\x76\x69\x65\x77']();
        };
        function _0x442ced(_0x177308, _0x5e0405) {
            var _0x4a0a58 = new PushButton(_0x413ecb);
            return _0x4a0a58['\x74\x65\x78\x74'] = _0x177308, _0x4a0a58['\x6f\x6e\x43\x6c\x69\x63\x6b'] = function () {
                _0x413ecb['\x7a\x6f\x6f\x6d\x4d\x6f\x64\x65'] && _0x413ecb['\x7a\x6f\x6f\x6d\x4c\x65\x76\x65\x6c'] === _0x5e0405 ? _0x413ecb['\x7a\x6f\x6f\x6d\x4d\x6f\x64\x65'] = ![] : (_0x413ecb['\x7a\x6f\x6f\x6d\x4d\x6f\x64\x65'] = !![], _0x413ecb['\x7a\x6f\x6f\x6d\x4c\x65\x76\x65\x6c'] = _0x5e0405, _0x413ecb['\x6c\x61\x73\x74\x52\x65\x73'] && (_0x413ecb['\x7a\x6f\x6f\x6d\x43\x58'] = Math['\x66\x6c\x6f\x6f\x72'](_0x413ecb['\x6c\x61\x73\x74\x52\x65\x73']['\x77\x69\x64\x74\x68'] / 0x2), _0x413ecb['\x7a\x6f\x6f\x6d\x43\x59'] = Math['\x66\x6c\x6f\x6f\x72'](_0x413ecb['\x6c\x61\x73\x74\x52\x65\x73']['\x68\x65\x69\x67\x68\x74'] / 0x2))), _0x413ecb['\x72\x65\x6e\x64\x65\x72\x50\x72\x65\x76\x69\x65\x77']();
            }, _0x4a0a58;
        }
        this['\x62\x74\x6e\x5a\x32'] = _0x442ced('\u00d7\x32', 0x2), this['\x62\x74\x6e\x5a\x34'] = _0x442ced('\u00d7\x34', 0x4), this['\x62\x74\x6e\x5a\x38'] = _0x442ced('\u00d7\x38', 0x8), this['\x62\x74\x6e\x53\x54\x46'] = new PushButton(this), this['\x62\x74\x6e\x53\x54\x46']['\x74\x65\x78\x74'] = '\ud83d\udd2d\x20\x20\x53\x54\x46\x20\x50\x72\x65\x76\x69\x65\x77', this['\x62\x74\x6e\x53\x54\x46']['\x6f\x6e\x43\x6c\x69\x63\x6b'] = function () {
            _0x413ecb['\x73\x74\x66\x4d\x6f\x64\x65'] = !_0x413ecb['\x73\x74\x66\x4d\x6f\x64\x65'], _0x413ecb['\x62\x74\x6e\x53\x54\x46']['\x74\x65\x78\x74'] = _0x413ecb['\x73\x74\x66\x4d\x6f\x64\x65'] ? '\u274c\x20\x20\x53\x54\x46\x20\x50\x72\x65\x76\x69\x65\x77' : '\ud83d\udd2d\x20\x20\x53\x54\x46\x20\x50\x72\x65\x76\x69\x65\x77', _0x413ecb['\x72\x65\x6e\x64\x65\x72\x50\x72\x65\x76\x69\x65\x77']();
        };
        var _0x37c136 = new Label(_0x413ecb);
        _0x37c136['\x74\x65\x78\x74'] = '\x52\x65\x73\x6f\x6c\x75\x74\x69\x6f\x6e\x3a';
        var _0x18d261 = new ComboBox(_0x413ecb);
        _0x18d261['\x61\x64\x64\x49\x74\x65\x6d']('\x4c\x6f\x77\x20\x20\x28\x32\x35\x25\x29'), _0x18d261['\x61\x64\x64\x49\x74\x65\x6d']('\x4d\x69\x64\x20\x20\x28\x35\x30\x25\x29'), _0x18d261['\x61\x64\x64\x49\x74\x65\x6d']('\x46\x75\x6c\x6c\x20\x28\x31\x30\x30\x25\x29'), _0x18d261['\x63\x75\x72\x72\x65\x6e\x74\x49\x74\x65\x6d'] = 0x0, _0x18d261['\x74\x6f\x6f\x6c\x54\x69\x70'] = '\x50\x72\x65\x76\x69\x65\x77\x20\x72\x65\x73\x6f\x6c\x75\x74\x69\x6f\x6e\x20\u2014\x20\x4c\x6f\x77\x3d\x32\x35\x25\x2c\x20\x4d\x69\x64\x3d\x35\x30\x25\x2c\x20\x46\x75\x6c\x6c\x3d\x31\x30\x30\x25\x20\x6f\x66\x20\x6f\x72\x69\x67\x69\x6e\x61\x6c', _0x18d261['\x6f\x6e\x49\x74\x65\x6d\x53\x65\x6c\x65\x63\x74\x65\x64'] = function (_0x89d0c3) {
            var _0x11424a = [
                0.25,
                0.5,
                0x1
            ];
            _0x413ecb['\x70\x72\x65\x76\x69\x65\x77\x53\x63\x61\x6c\x65'] = _0x11424a[_0x89d0c3];
            if (_0x413ecb['\x72\x61\x77\x4f\x72\x69\x67\x49\x6d\x67'])
                _0x413ecb['\x72\x61\x77\x50\x72\x65\x76\x69\x65\x77\x49\x6d\x67'] = scaleImage(_0x413ecb['\x72\x61\x77\x4f\x72\x69\x67\x49\x6d\x67'], _0x413ecb['\x70\x72\x65\x76\x69\x65\x77\x53\x63\x61\x6c\x65']);
            else
                _0x413ecb['\x6f\x72\x69\x67\x49\x6d\x67'] && (_0x413ecb['\x72\x61\x77\x50\x72\x65\x76\x69\x65\x77\x49\x6d\x67'] = scaleImage(_0x413ecb['\x6f\x72\x69\x67\x49\x6d\x67'], _0x413ecb['\x70\x72\x65\x76\x69\x65\x77\x53\x63\x61\x6c\x65']), _0x413ecb['\x72\x61\x77\x4f\x72\x69\x67\x49\x6d\x67'] = cloneImg(_0x413ecb['\x6f\x72\x69\x67\x49\x6d\x67']));
            if (_0x413ecb['\x73\x74\x61\x72\x73\x49\x6d\x67'])
                _0x413ecb['\x73\x74\x61\x72\x73\x50\x72\x65\x76\x69\x65\x77\x49\x6d\x67'] = scaleImage(_0x413ecb['\x73\x74\x61\x72\x73\x49\x6d\x67'], _0x413ecb['\x70\x72\x65\x76\x69\x65\x77\x53\x63\x61\x6c\x65']);
            _0x413ecb['\x64\x6f\x52\x65\x66\x72\x65\x73\x68']();
        };
        var _0x9b5306 = new Label(_0x413ecb);
        _0x9b5306['\x74\x65\x78\x74'] = '\x7c', this['\x7a\x6f\x6f\x6d\x53\x69\x7a\x65\x72'] = new HorizontalSizer(), this['\x7a\x6f\x6f\x6d\x53\x69\x7a\x65\x72']['\x73\x70\x61\x63\x69\x6e\x67'] = 0x6, this['\x7a\x6f\x6f\x6d\x53\x69\x7a\x65\x72']['\x61\x64\x64'](_0x37c136), this['\x7a\x6f\x6f\x6d\x53\x69\x7a\x65\x72']['\x61\x64\x64'](_0x18d261), this['\x7a\x6f\x6f\x6d\x53\x69\x7a\x65\x72']['\x61\x64\x64\x53\x70\x61\x63\x69\x6e\x67'](0x4), this['\x7a\x6f\x6f\x6d\x53\x69\x7a\x65\x72']['\x61\x64\x64'](_0x9b5306), this['\x7a\x6f\x6f\x6d\x53\x69\x7a\x65\x72']['\x61\x64\x64'](this['\x62\x74\x6e\x5a\x6f\x6f\x6d\x46\x75\x6c\x6c']), this['\x7a\x6f\x6f\x6d\x53\x69\x7a\x65\x72']['\x61\x64\x64'](this['\x62\x74\x6e\x5a\x32']), this['\x7a\x6f\x6f\x6d\x53\x69\x7a\x65\x72']['\x61\x64\x64'](this['\x62\x74\x6e\x5a\x34']), this['\x7a\x6f\x6f\x6d\x53\x69\x7a\x65\x72']['\x61\x64\x64'](this['\x62\x74\x6e\x5a\x38']), this['\x7a\x6f\x6f\x6d\x53\x69\x7a\x65\x72']['\x61\x64\x64\x53\x74\x72\x65\x74\x63\x68'](), this['\x7a\x6f\x6f\x6d\x53\x69\x7a\x65\x72']['\x61\x64\x64'](this['\x62\x74\x6e\x53\x54\x46']);
        function _0x185497(_0x4436d5, _0x5bd4b1, _0x21305c, _0x5798d8, _0x5350d4, _0x4d42a6) {
            var _0x2c0197 = new Label(_0x413ecb);
            _0x2c0197['\x74\x65\x78\x74'] = _0x4436d5, _0x2c0197['\x6d\x69\x6e\x57\x69\x64\x74\x68'] = 0x9b;
            var _0x1092e7 = new Slider(_0x413ecb);
            _0x1092e7['\x73\x65\x74\x52\x61\x6e\x67\x65'](Math['\x72\x6f\x75\x6e\x64'](_0x5bd4b1 / _0x5798d8), Math['\x72\x6f\x75\x6e\x64'](_0x21305c / _0x5798d8)), _0x1092e7['\x76\x61\x6c\x75\x65'] = Math['\x72\x6f\x75\x6e\x64'](_0x5350d4 / _0x5798d8), _0x1092e7['\x6d\x69\x6e\x57\x69\x64\x74\x68'] = 0x78;
            var _0x2a7e3c = new Label(_0x413ecb);
            _0x2a7e3c['\x73\x65\x74\x46\x69\x78\x65\x64\x57\x69\x64\x74\x68'](0x34), _0x2a7e3c['\x74\x65\x78\x74\x41\x6c\x69\x67\x6e\x6d\x65\x6e\x74'] = 0x2, _0x2a7e3c['\x74\x65\x78\x74'] = _0x5350d4['\x74\x6f\x46\x69\x78\x65\x64'](0x2), _0x1092e7['\x6f\x6e\x56\x61\x6c\x75\x65\x55\x70\x64\x61\x74\x65\x64'] = function (_0xdf5008) {
                var _0x1b2580 = _0xdf5008 * _0x5798d8;
                _0x2a7e3c['\x74\x65\x78\x74'] = _0x1b2580['\x74\x6f\x46\x69\x78\x65\x64'](0x2), _0x4d42a6(_0x1b2580), _0x413ecb['\x6e\x65\x65\x64\x73\x52\x65\x66\x72\x65\x73\x68'] = !![];
            }, _0x1092e7['\x6f\x6e\x4d\x6f\x75\x73\x65\x52\x65\x6c\x65\x61\x73\x65'] = function () {
                _0x413ecb['\x6e\x65\x65\x64\x73\x52\x65\x66\x72\x65\x73\x68'] && (_0x413ecb['\x6e\x65\x65\x64\x73\x52\x65\x66\x72\x65\x73\x68'] = ![], _0x413ecb['\x64\x6f\x52\x65\x66\x72\x65\x73\x68']());
            };
            var _0x5433f9 = new HorizontalSizer();
            return _0x5433f9['\x73\x70\x61\x63\x69\x6e\x67'] = 0x6, _0x5433f9['\x61\x64\x64'](_0x2c0197), _0x5433f9['\x61\x64\x64'](_0x1092e7, 0x1), _0x5433f9['\x61\x64\x64'](_0x2a7e3c), {
                '\x73\x69\x7a\x65\x72': _0x5433f9,
                '\x73\x6c\x69\x64\x65\x72': _0x1092e7,
                '\x6c\x61\x62\x65\x6c': _0x2c0197,
                '\x76\x61\x6c\x4c\x61\x62\x65\x6c': _0x2a7e3c,
                '\x73\x74\x65\x70': _0x5798d8
            };
        }
        function _0x602f44(_0x25552e, _0x52425f, _0xf9ed9e) {
            var _0x27138a = new CheckBox(_0x413ecb);
            return _0x27138a['\x74\x65\x78\x74'] = _0x25552e, _0x27138a['\x63\x68\x65\x63\x6b\x65\x64'] = _0x52425f, _0x27138a['\x6f\x6e\x43\x6c\x69\x63\x6b'] = function (_0x22d378) {
                _0xf9ed9e(_0x22d378), _0x413ecb['\x64\x6f\x52\x65\x66\x72\x65\x73\x68']();
            }, _0x27138a;
        }
        function _0x2c3616(_0x52ccee, _0xc9f326) {
            var _0x52700b = new Label(_0x413ecb);
            _0x52700b['\x74\x65\x78\x74'] = _0x52ccee, _0x52700b['\x73\x65\x74\x46\x69\x78\x65\x64\x57\x69\x64\x74\x68'](0x3c);
            var _0x2c29a7 = new ComboBox(_0x413ecb);
            _0x2c29a7['\x73\x65\x74\x46\x69\x78\x65\x64\x57\x69\x64\x74\x68'](0xc8), _0x2c29a7['\x61\x64\x64\x49\x74\x65\x6d']('\x2d\x2d\x20\x4e\x6f\x6e\x65\x20\x2d\x2d');
            var _0x3c56bb = ImageWindow['\x77\x69\x6e\x64\x6f\x77\x73'];
            for (var _0xf7cc89 = 0x0; _0xf7cc89 < _0x3c56bb['\x6c\x65\x6e\x67\x74\x68']; _0xf7cc89++)
                if (amxUsableWin(_0x3c56bb[_0xf7cc89]))
                    _0x2c29a7['\x61\x64\x64\x49\x74\x65\x6d'](_0x3c56bb[_0xf7cc89]['\x6d\x61\x69\x6e\x56\x69\x65\x77']['\x69\x64']);
            _0x2c29a7['\x6f\x6e\x49\x74\x65\x6d\x53\x65\x6c\x65\x63\x74\x65\x64'] = function (_0x2d7bc9) {
                var _0x4acf15 = _0x2d7bc9 === 0x0 ? null : ImageWindow['\x77\x69\x6e\x64\x6f\x77\x42\x79\x49\x64'](_0x2c29a7['\x69\x74\x65\x6d\x54\x65\x78\x74'](_0x2d7bc9));
                _0x4acf15 && !_0x4acf15['\x69\x73\x4e\x75\x6c\x6c'] ? _0xc9f326(cloneImg(_0x4acf15['\x6d\x61\x69\x6e\x56\x69\x65\x77']['\x69\x6d\x61\x67\x65'])) : _0xc9f326(null);
            };
            var _0x42b139 = new HorizontalSizer();
            return _0x42b139['\x73\x70\x61\x63\x69\x6e\x67'] = 0x6, _0x42b139['\x61\x64\x64'](_0x52700b), _0x42b139['\x61\x64\x64'](_0x2c29a7), {
                '\x73\x69\x7a\x65\x72': _0x42b139,
                '\x63\x6f\x6d\x62\x6f': _0x2c29a7
            };
        }
        _0x413ecb['\x76\x69\x65\x77\x73'] = [];
        function _0x2ba209() {
            var _0x1fc1ee = ImageWindow['\x77\x69\x6e\x64\x6f\x77\x73'];
            _0x413ecb['\x76\x69\x65\x77\x73'] = [];
            for (var _0x9c522f = 0x0; _0x9c522f < _0x1fc1ee['\x6c\x65\x6e\x67\x74\x68']; _0x9c522f++) {
                var _0x58636e = _0x1fc1ee[_0x9c522f];
                if (amxUsableWin(_0x58636e))
                    _0x413ecb['\x76\x69\x65\x77\x73']['\x70\x75\x73\x68'](_0x58636e['\x6d\x61\x69\x6e\x56\x69\x65\x77']);
            }
            var _0x486bf7 = [
                _0x413ecb['\x63\x68\x4c'],
                _0x413ecb['\x63\x68\x52'],
                _0x413ecb['\x63\x68\x47'],
                _0x413ecb['\x63\x68\x42'],
                _0x413ecb['\x63\x68\x48\x61'],
                _0x413ecb['\x63\x68\x53\x49\x49'],
                _0x413ecb['\x63\x68\x4f\x49\x49\x49']
            ];
            for (var _0x3926e2 = 0x0; _0x3926e2 < _0x486bf7['\x6c\x65\x6e\x67\x74\x68']; _0x3926e2++) {
                var _0x21e792 = _0x486bf7[_0x3926e2]['\x63\x6d\x62']['\x63\x75\x72\x72\x65\x6e\x74\x49\x74\x65\x6d'] > 0x0 ? _0x486bf7[_0x3926e2]['\x63\x6d\x62']['\x69\x74\x65\x6d\x54\x65\x78\x74'](_0x486bf7[_0x3926e2]['\x63\x6d\x62']['\x63\x75\x72\x72\x65\x6e\x74\x49\x74\x65\x6d']) : '';
                _0x486bf7[_0x3926e2]['\x63\x6d\x62']['\x63\x6c\x65\x61\x72'](), _0x486bf7[_0x3926e2]['\x63\x6d\x62']['\x61\x64\x64\x49\x74\x65\x6d']('\x2d\x2d\x20\x4e\x6f\x6e\x65\x20\x2d\x2d');
                for (var _0x171a45 = 0x0; _0x171a45 < _0x413ecb['\x76\x69\x65\x77\x73']['\x6c\x65\x6e\x67\x74\x68']; _0x171a45++)
                    _0x486bf7[_0x3926e2]['\x63\x6d\x62']['\x61\x64\x64\x49\x74\x65\x6d'](_0x413ecb['\x76\x69\x65\x77\x73'][_0x171a45]['\x69\x64']);
                if (_0x21e792)
                    for (var _0x171a45 = 0x0; _0x171a45 < _0x413ecb['\x76\x69\x65\x77\x73']['\x6c\x65\x6e\x67\x74\x68']; _0x171a45++) {
                        if (_0x413ecb['\x76\x69\x65\x77\x73'][_0x171a45]['\x69\x64'] === _0x21e792) {
                            _0x486bf7[_0x3926e2]['\x63\x6d\x62']['\x63\x75\x72\x72\x65\x6e\x74\x49\x74\x65\x6d'] = _0x171a45 + 0x1;
                            break;
                        }
                    }
            }
        }
        (function () {
            var _0x3d268b = ImageWindow['\x77\x69\x6e\x64\x6f\x77\x73'];
            for (var _0x21ccfd = 0x0; _0x21ccfd < _0x3d268b['\x6c\x65\x6e\x67\x74\x68']; _0x21ccfd++) {
                var _0x5c1f1a = _0x3d268b[_0x21ccfd];
                if (amxUsableWin(_0x5c1f1a))
                    _0x413ecb['\x76\x69\x65\x77\x73']['\x70\x75\x73\x68'](_0x5c1f1a['\x6d\x61\x69\x6e\x56\x69\x65\x77']);
            }
        }());
        function _0x325047(_0x5a72e7, _0x34e1e1) {
            var _0x164370 = new Label(_0x413ecb);
            _0x164370['\x74\x65\x78\x74'] = _0x5a72e7, _0x164370['\x73\x65\x74\x46\x69\x78\x65\x64\x57\x69\x64\x74\x68'](_0x34e1e1 || 0x32);
            var _0x4f72bd = new ComboBox(_0x413ecb);
            _0x4f72bd['\x61\x64\x64\x49\x74\x65\x6d']('\x2d\x2d\x20\x4e\x6f\x6e\x65\x20\x2d\x2d');
            for (var _0x19c6aa = 0x0; _0x19c6aa < _0x413ecb['\x76\x69\x65\x77\x73']['\x6c\x65\x6e\x67\x74\x68']; _0x19c6aa++)
                _0x4f72bd['\x61\x64\x64\x49\x74\x65\x6d'](_0x413ecb['\x76\x69\x65\x77\x73'][_0x19c6aa]['\x69\x64']);
            var _0x550791 = new HorizontalSizer();
            return _0x550791['\x73\x70\x61\x63\x69\x6e\x67'] = 0x4, _0x550791['\x61\x64\x64'](_0x164370), _0x550791['\x61\x64\x64'](_0x4f72bd, 0x1), {
                '\x72\x6f\x77': _0x550791,
                '\x63\x6d\x62': _0x4f72bd
            };
        }
        _0x413ecb['\x63\x68\x4c'] = _0x325047('\x4c\x20\x28\x6f\x70\x74\x2e\x29\x3a', 0x3c), _0x413ecb['\x63\x68\x52'] = _0x325047('\x52\x3a', 0x3c), _0x413ecb['\x63\x68\x47'] = _0x325047('\x47\x3a', 0x3c), _0x413ecb['\x63\x68\x42'] = _0x325047('\x42\x3a', 0x3c), _0x413ecb['\x63\x68\x48\x61'] = _0x325047('\x48\x61\x3a', 0x3c), _0x413ecb['\x63\x68\x53\x49\x49'] = _0x325047('\x53\x49\x49\x3a', 0x3c), _0x413ecb['\x63\x68\x4f\x49\x49\x49'] = _0x325047('\x4f\x49\x49\x49\x3a', 0x3c);
        var _0x32da36 = new Label(this);
        _0x32da36['\x74\x65\x78\x74'] = '\x50\x61\x6c\x65\x74\x74\x65\x3a', _0x32da36['\x6d\x69\x6e\x57\x69\x64\x74\x68'] = 0x3c;
        var _0x322902 = new ComboBox(this);
        _0x322902['\x61\x64\x64\x49\x74\x65\x6d']('\x4e\x6f\x6e\x65\x20\x20\x28\x48\x61\x2f\x53\x49\x49\x2f\x4f\x49\x49\x49\x20\u2192\x20\x52\x2f\x47\x2f\x42\x29'), _0x322902['\x61\x64\x64\x49\x74\x65\x6d']('\x48\x4f\x4f\x20\x20\x20\x52\x3d\x48\x61\x20\x20\x47\x3d\x4f\x49\x49\x49\x20\x20\x42\x3d\x4f\x49\x49\x49'), _0x322902['\x61\x64\x64\x49\x74\x65\x6d']('\x53\x48\x4f\x20\x20\x20\x52\x3d\x53\x49\x49\x20\x20\x47\x3d\x48\x61\x20\x20\x42\x3d\x4f\x49\x49\x49\x20\x20\x28\x48\x75\x62\x62\x6c\x65\x29'), _0x322902['\x61\x64\x64\x49\x74\x65\x6d']('\x48\x53\x4f\x20\x20\x20\x52\x3d\x48\x61\x20\x20\x47\x3d\x53\x49\x49\x20\x20\x42\x3d\x4f\x49\x49\x49'), _0x322902['\x61\x64\x64\x49\x74\x65\x6d']('\x48\x4f\x53\x20\x20\x20\x52\x3d\x48\x61\x20\x20\x47\x3d\x4f\x49\x49\x49\x20\x20\x42\x3d\x53\x49\x49'), _0x322902['\x63\x75\x72\x72\x65\x6e\x74\x49\x74\x65\x6d'] = 0x2, _0x413ecb['\x70']['\x6e\x62\x50\x61\x6c\x65\x74\x74\x65'] = 0x2, _0x322902['\x6f\x6e\x49\x74\x65\x6d\x53\x65\x6c\x65\x63\x74\x65\x64'] = function (_0x584d69) {
            _0x413ecb['\x70']['\x6e\x62\x50\x61\x6c\x65\x74\x74\x65'] = _0x584d69;
            if (_0x413ecb['\x75\x70\x64\x61\x74\x65\x4c\x69\x6e\x46\x69\x74\x52\x65\x66\x43\x6f\x6d\x62\x6f'])
                _0x413ecb['\x75\x70\x64\x61\x74\x65\x4c\x69\x6e\x46\x69\x74\x52\x65\x66\x43\x6f\x6d\x62\x6f']();
        };
        var _0x19f61f = new HorizontalSizer();
        _0x19f61f['\x73\x70\x61\x63\x69\x6e\x67'] = 0x6, _0x19f61f['\x61\x64\x64'](_0x32da36), _0x19f61f['\x61\x64\x64'](_0x322902), _0x19f61f['\x61\x64\x64\x53\x74\x72\x65\x74\x63\x68']();
        var _0x2ad5a5 = new Label(this);
        _0x2ad5a5['\x74\x65\x78\x74'] = '\u2500\u2500\x20\x42\x72\x6f\x61\x64\x62\x61\x6e\x64\x20\x28\x4c\x52\x47\x42\x29\x20\u2500\u2500';
        var _0x118397 = new Label(this);
        _0x118397['\x74\x65\x78\x74'] = '\u2500\u2500\x20\x4e\x61\x72\x72\x6f\x77\x62\x61\x6e\x64\x20\x28\x48\x61\x2f\x53\x49\x49\x2f\x4f\x49\x49\x49\x29\x20\u2500\u2500', _0x413ecb['\x63\x6f\x6d\x70\x6f\x73\x65\x64\x57\x69\x6e'] = null;
        var _0x13fefc = new PushButton(this);
        _0x13fefc['\x74\x65\x78\x74'] = '\u26a1\x20\x20\x43\x6f\x6d\x70\x6f\x73\x65\x20\x26\x20\x50\x72\x65\x76\x69\x65\x77', _0x13fefc['\x6d\x69\x6e\x48\x65\x69\x67\x68\x74'] = 0x1c, _0x13fefc['\x74\x6f\x6f\x6c\x54\x69\x70'] = '\x4c\x52\x47\x42\x3a\x20\x66\x69\x6c\x6c\x20\x52\x2f\x47\x2f\x42\x20\x28\x61\x6e\x64\x20\x6f\x70\x74\x69\x6f\x6e\x61\x6c\x6c\x79\x20\x4c\x29\x20\x69\x6e\x20\x74\x68\x65\x20\x6c\x65\x66\x74\x20\x70\x61\x6e\x65\x6c\x2e\x0a' + '\x4e\x61\x72\x72\x6f\x77\x62\x61\x6e\x64\x3a\x20\x66\x69\x6c\x6c\x20\x48\x61\x2f\x53\x49\x49\x2f\x4f\x49\x49\x49\x20\x69\x6e\x20\x74\x68\x65\x20\x72\x69\x67\x68\x74\x20\x70\x61\x6e\x65\x6c\x20\u2014\x20\x4e\x42\x20\x74\x61\x6b\x65\x73\x20\x70\x72\x69\x6f\x72\x69\x74\x79\x2e\x0a' + '\x43\x68\x61\x6e\x6e\x65\x6c\x20\x65\x71\x75\x61\x6c\x69\x7a\x61\x74\x69\x6f\x6e\x20\x69\x73\x20\x61\x70\x70\x6c\x69\x65\x64\x20\x61\x75\x74\x6f\x6d\x61\x74\x69\x63\x61\x6c\x6c\x79\x20\x61\x66\x74\x65\x72\x20\x63\x6f\x6d\x70\x6f\x73\x65\x2e', _0x13fefc['\x6f\x6e\x43\x6c\x69\x63\x6b'] = function () {
            Console['\x73\x68\x6f\x77']();
            try {
                var _0x4a87e2 = _0x413ecb['\x63\x68\x48\x61']['\x63\x6d\x62']['\x63\x75\x72\x72\x65\x6e\x74\x49\x74\x65\x6d'] - 0x1, _0x1c349a = _0x413ecb['\x63\x68\x53\x49\x49']['\x63\x6d\x62']['\x63\x75\x72\x72\x65\x6e\x74\x49\x74\x65\x6d'] - 0x1, _0x9303ab = _0x413ecb['\x63\x68\x4f\x49\x49\x49']['\x63\x6d\x62']['\x63\x75\x72\x72\x65\x6e\x74\x49\x74\x65\x6d'] - 0x1, _0x24afd2 = _0x4a87e2 >= 0x0 || _0x1c349a >= 0x0 || _0x9303ab >= 0x0;
                if (_0x413ecb['\x63\x6f\x6d\x70\x6f\x73\x65\x64\x57\x69\x6e'] && !_0x413ecb['\x63\x6f\x6d\x70\x6f\x73\x65\x64\x57\x69\x6e']['\x69\x73\x4e\x75\x6c\x6c'])
                    _0x413ecb['\x63\x6f\x6d\x70\x6f\x73\x65\x64\x57\x69\x6e']['\x66\x6f\x72\x63\x65\x43\x6c\x6f\x73\x65']();
                G_TMP && !G_TMP['\x69\x73\x4e\x75\x6c\x6c'] && (G_TMP['\x66\x6f\x72\x63\x65\x43\x6c\x6f\x73\x65'](), G_TMP = null);
                if (_0x24afd2) {
                    var _0x47c861 = _0x4a87e2 >= 0x0 ? _0x413ecb['\x76\x69\x65\x77\x73'][_0x4a87e2] : null, _0x16c12b = _0x1c349a >= 0x0 ? _0x413ecb['\x76\x69\x65\x77\x73'][_0x1c349a] : null, _0x311357 = _0x9303ab >= 0x0 ? _0x413ecb['\x76\x69\x65\x77\x73'][_0x9303ab] : null, _0x7e2a8 = _0x47c861 || _0x16c12b || _0x311357, _0x2cc6b6, _0x403cab, _0x70da90, _0x3cb419 = _0x413ecb['\x70']['\x6e\x62\x50\x61\x6c\x65\x74\x74\x65'];
                    if (_0x3cb419 === 0x1)
                        _0x2cc6b6 = _0x47c861 || _0x7e2a8, _0x403cab = _0x311357 || _0x7e2a8, _0x70da90 = _0x311357 || _0x7e2a8;
                    else {
                        if (_0x3cb419 === 0x2)
                            _0x2cc6b6 = _0x16c12b || _0x7e2a8, _0x403cab = _0x47c861 || _0x7e2a8, _0x70da90 = _0x311357 || _0x7e2a8;
                        else {
                            if (_0x3cb419 === 0x3)
                                _0x2cc6b6 = _0x47c861 || _0x7e2a8, _0x403cab = _0x16c12b || _0x7e2a8, _0x70da90 = _0x311357 || _0x7e2a8;
                            else
                                _0x3cb419 === 0x4 ? (_0x2cc6b6 = _0x47c861 || _0x7e2a8, _0x403cab = _0x311357 || _0x7e2a8, _0x70da90 = _0x16c12b || _0x7e2a8) : (_0x2cc6b6 = _0x47c861 || _0x7e2a8, _0x403cab = _0x16c12b || _0x7e2a8, _0x70da90 = _0x311357 || _0x7e2a8);
                        }
                    }
                    if (!_0x2cc6b6 || !_0x403cab || !_0x70da90) {
                        Console['\x63\x72\x69\x74\x69\x63\x61\x6c\x6c\x6e']('\x53\x65\x6c\x65\x63\x74\x20\x61\x74\x20\x6c\x65\x61\x73\x74\x20\x6f\x6e\x65\x20\x4e\x42\x20\x63\x68\x61\x6e\x6e\x65\x6c\x2e');
                        return;
                    }
                    Console['\x77\x72\x69\x74\x65\x6c\x6e']('\x4e\x42\x20\x43\x6f\x6d\x70\x6f\x73\x65\x20\x28\x70\x61\x6c\x65\x74\x74\x65\x3d' + _0x3cb419 + '\x29\x3a\x20\x52\x3d' + _0x2cc6b6['\x69\x64'] + '\x20\x47\x3d' + _0x403cab['\x69\x64'] + '\x20\x42\x3d' + _0x70da90['\x69\x64']), _0x413ecb['\x63\x6f\x6d\x70\x6f\x73\x65\x64\x57\x69\x6e'] = composeChannels(_0x2cc6b6, _0x403cab, _0x70da90, null), _0x413ecb['\x70']['\x63\x6f\x6d\x70\x6f\x73\x65\x4d\x6f\x64\x65'] = '\x6e\x62';
                } else {
                    var _0x4e8bca = _0x413ecb['\x63\x68\x52']['\x63\x6d\x62']['\x63\x75\x72\x72\x65\x6e\x74\x49\x74\x65\x6d'] - 0x1, _0x3ea310 = _0x413ecb['\x63\x68\x47']['\x63\x6d\x62']['\x63\x75\x72\x72\x65\x6e\x74\x49\x74\x65\x6d'] - 0x1, _0x552f8d = _0x413ecb['\x63\x68\x42']['\x63\x6d\x62']['\x63\x75\x72\x72\x65\x6e\x74\x49\x74\x65\x6d'] - 0x1, _0x330473 = _0x413ecb['\x63\x68\x4c']['\x63\x6d\x62']['\x63\x75\x72\x72\x65\x6e\x74\x49\x74\x65\x6d'] - 0x1;
                    if (_0x4e8bca < 0x0 || _0x3ea310 < 0x0 || _0x552f8d < 0x0) {
                        Console['\x63\x72\x69\x74\x69\x63\x61\x6c\x6c\x6e']('\x46\x6f\x72\x20\x4c\x52\x47\x42\x20\x73\x65\x6c\x65\x63\x74\x20\x52\x2c\x20\x47\x20\x61\x6e\x64\x20\x42\x20\x63\x68\x61\x6e\x6e\x65\x6c\x73\x2e');
                        return;
                    }
                    var _0x5f4bba = _0x330473 >= 0x0 ? _0x413ecb['\x76\x69\x65\x77\x73'][_0x330473] : null;
                    _0x413ecb['\x63\x6f\x6d\x70\x6f\x73\x65\x64\x57\x69\x6e'] = composeChannels(_0x413ecb['\x76\x69\x65\x77\x73'][_0x4e8bca], _0x413ecb['\x76\x69\x65\x77\x73'][_0x3ea310], _0x413ecb['\x76\x69\x65\x77\x73'][_0x552f8d], _0x5f4bba), _0x413ecb['\x70']['\x63\x6f\x6d\x70\x6f\x73\x65\x4d\x6f\x64\x65'] = '\x6c\x72\x67\x62';
                }
                Console['\x77\x72\x69\x74\x65\x6c\x6e']('\x45\x71\x75\x61\x6c\x69\x7a\x69\x6e\x67\x20\x63\x68\x61\x6e\x6e\x65\x6c\x73\x2e\x2e\x2e'), processEvents(), _0x413ecb['\x6f\x72\x69\x67\x49\x6d\x67'] = cloneImg(_0x413ecb['\x63\x6f\x6d\x70\x6f\x73\x65\x64\x57\x69\x6e']['\x6d\x61\x69\x6e\x56\x69\x65\x77']['\x69\x6d\x61\x67\x65']);
                var _0x519ae1 = equalizeChannels(_0x413ecb['\x6f\x72\x69\x67\x49\x6d\x67']);
                _0x519ae1 && (Math['\x61\x62\x73'](_0x519ae1['\x64\x52']) >= 0.001 || Math['\x61\x62\x73'](_0x519ae1['\x64\x42']) >= 0.001) && Console['\x77\x72\x69\x74\x65\x6c\x6e']('\x43\x68\x61\x6e\x6e\x65\x6c\x73\x20\x65\x71\x75\x61\x6c\x69\x7a\x65\x64\x3a\x20\x64\x52\x3d' + (_0x519ae1['\x64\x52'] >= 0x0 ? '\x2b' : '') + _0x519ae1['\x64\x52']['\x74\x6f\x46\x69\x78\x65\x64'](0x4) + '\x20\x20\x64\x42\x3d' + (_0x519ae1['\x64\x42'] >= 0x0 ? '\x2b' : '') + _0x519ae1['\x64\x42']['\x74\x6f\x46\x69\x78\x65\x64'](0x4));
                _0x413ecb['\x70\x72\x65\x76\x69\x65\x77\x49\x6d\x67'] = scaleImage(_0x413ecb['\x6f\x72\x69\x67\x49\x6d\x67'], _0x413ecb['\x70\x72\x65\x76\x69\x65\x77\x53\x63\x61\x6c\x65']), _0x413ecb['\x72\x61\x77\x4f\x72\x69\x67\x49\x6d\x67'] = cloneImg(_0x413ecb['\x6f\x72\x69\x67\x49\x6d\x67']), _0x413ecb['\x72\x61\x77\x50\x72\x65\x76\x69\x65\x77\x49\x6d\x67'] = cloneImg(_0x413ecb['\x70\x72\x65\x76\x69\x65\x77\x49\x6d\x67']), _0x413ecb['\x6c\x61\x73\x74\x4c\x69\x6e\x65\x61\x72\x46\x69\x74\x4e\x42'] = null, _0x413ecb['\x70'] = defaultParams(), _0x413ecb['\x70']['\x63\x6f\x6d\x70\x6f\x73\x65\x4d\x6f\x64\x65'] = _0x24afd2 ? '\x6e\x62' : '\x6c\x72\x67\x62', _0x413ecb['\x70']['\x6e\x62\x50\x61\x6c\x65\x74\x74\x65'] = _0x322902['\x63\x75\x72\x72\x65\x6e\x74\x49\x74\x65\x6d'], _0x413ecb['\x72\x65\x73\x65\x74\x41\x6c\x6c\x43\x6f\x6e\x74\x72\x6f\x6c\x73']();
                if (_0x413ecb['\x75\x70\x64\x61\x74\x65\x4c\x69\x6e\x46\x69\x74\x52\x65\x66\x43\x6f\x6d\x62\x6f'])
                    _0x413ecb['\x75\x70\x64\x61\x74\x65\x4c\x69\x6e\x46\x69\x74\x52\x65\x66\x43\x6f\x6d\x62\x6f']();
                ensureTmp(_0x413ecb['\x70\x72\x65\x76\x69\x65\x77\x49\x6d\x67']), Console['\x77\x72\x69\x74\x65\x6c\x6e']('\x43\x6f\x6d\x70\x6f\x73\x65\x20\x64\x6f\x6e\x65\x2e\x20\x4d\x6f\x64\x65\x3a\x20' + _0x413ecb['\x70']['\x63\x6f\x6d\x70\x6f\x73\x65\x4d\x6f\x64\x65'] + '\x20\x20\x70\x61\x6c\x65\x74\x74\x65\x3d' + _0x413ecb['\x70']['\x6e\x62\x50\x61\x6c\x65\x74\x74\x65']);
                if (_0x413ecb['\x63\x6c\x65\x61\x72\x48\x69\x73\x74\x6f\x72\x79'])
                    _0x413ecb['\x63\x6c\x65\x61\x72\x48\x69\x73\x74\x6f\x72\x79']();
                _0x413ecb['\x64\x6f\x52\x65\x66\x72\x65\x73\x68'](), _0x413ecb['\x73\x65\x74\x43\x6f\x6d\x70\x61\x72\x65\x42\x61\x73\x65\x6c\x69\x6e\x65'](), Console['\x68\x69\x64\x65']();
            } catch (_0x290346) {
                Console['\x63\x72\x69\x74\x69\x63\x61\x6c\x6c\x6e']('\x43\x6f\x6d\x70\x6f\x73\x65\x20\x65\x72\x72\x6f\x72\x3a\x20' + _0x290346);
            }
        };
        var _0x4317ac = new PushButton(this);
        _0x4317ac['\x74\x65\x78\x74'] = '\u21ba\x20\x52\x65\x66\x72\x65\x73\x68', _0x4317ac['\x74\x6f\x6f\x6c\x54\x69\x70'] = '\x52\x65\x66\x72\x65\x73\x68\x20\x74\x68\x65\x20\x69\x6d\x61\x67\x65\x20\x6c\x69\x73\x74\x20\x69\x6e\x20\x61\x6c\x6c\x20\x63\x68\x61\x6e\x6e\x65\x6c\x20\x64\x72\x6f\x70\x64\x6f\x77\x6e\x73\x2e\x0a\x55\x73\x65\x20\x61\x66\x74\x65\x72\x20\x63\x72\x65\x61\x74\x69\x6e\x67\x20\x6e\x65\x77\x20\x69\x6d\x61\x67\x65\x73\x2e', _0x4317ac['\x6f\x6e\x43\x6c\x69\x63\x6b'] = function () {
            _0x2ba209();
        };
        var _0x2c7b41 = new Label(this);
        _0x2c7b41['\x74\x65\x78\x74'] = '\x52\x65\x66\x65\x72\x65\x6e\x63\x65\x3a', _0x2c7b41['\x74\x65\x78\x74\x41\x6c\x69\x67\x6e\x6d\x65\x6e\x74'] = 0x2 | 0x80, _0x413ecb['\x6c\x69\x6e\x46\x69\x74\x52\x65\x66\x43\x6f\x6d\x62\x6f'] = new ComboBox(this), _0x413ecb['\x6c\x69\x6e\x46\x69\x74\x52\x65\x66\x43\x6f\x6d\x62\x6f']['\x61\x64\x64\x49\x74\x65\x6d']('\x52'), _0x413ecb['\x6c\x69\x6e\x46\x69\x74\x52\x65\x66\x43\x6f\x6d\x62\x6f']['\x61\x64\x64\x49\x74\x65\x6d']('\x47'), _0x413ecb['\x6c\x69\x6e\x46\x69\x74\x52\x65\x66\x43\x6f\x6d\x62\x6f']['\x61\x64\x64\x49\x74\x65\x6d']('\x42'), _0x413ecb['\x6c\x69\x6e\x46\x69\x74\x52\x65\x66\x43\x6f\x6d\x62\x6f']['\x63\x75\x72\x72\x65\x6e\x74\x49\x74\x65\x6d'] = 0x1, _0x413ecb['\x6c\x69\x6e\x46\x69\x74\x52\x65\x66\x43\x6f\x6d\x62\x6f']['\x74\x6f\x6f\x6c\x54\x69\x70'] = '\x43\x68\x61\x6e\x6e\x65\x6c\x20\x74\x68\x61\x74\x20\x61\x6c\x6c\x20\x6f\x74\x68\x65\x72\x73\x20\x61\x72\x65\x20\x6d\x61\x74\x63\x68\x65\x64\x20\x74\x6f\x2e';
        var _0x59942c = new PushButton(this);
        _0x59942c['\x74\x65\x78\x74'] = '\ud83d\udd27\x20\x20\x4c\x69\x6e\x65\x61\x72\x20\x46\x69\x74', _0x59942c['\x74\x6f\x6f\x6c\x54\x69\x70'] = '\x50\x69\x63\x6b\x20\x74\x68\x65\x20\x72\x65\x66\x65\x72\x65\x6e\x63\x65\x20\x63\x68\x61\x6e\x6e\x65\x6c\x2c\x20\x74\x68\x65\x6e\x20\x66\x69\x74\x20\x74\x68\x65\x20\x6f\x74\x68\x65\x72\x20\x74\x77\x6f\x20\x74\x6f\x20\x69\x74\x3a\x0a' + '\x74\x61\x72\x67\x65\x74\x5f\x6e\x65\x77\x20\x3d\x20\x61\u00b7\x74\x61\x72\x67\x65\x74\x20\x2b\x20\x62\x20\x20\x28\x66\x69\x74\x74\x65\x64\x20\x6f\x6e\x20\x62\x61\x63\x6b\x67\x72\x6f\x75\x6e\x64\x20\x70\x69\x78\x65\x6c\x73\x2c\x0a' + '\x73\x61\x6d\x65\x20\x6d\x6f\x64\x65\x6c\x20\x61\x73\x20\x50\x69\x78\x49\x6e\x73\x69\x67\x68\x74\x20\x4c\x69\x6e\x65\x61\x72\x46\x69\x74\x29\x2e\x0a' + '\x48\x4f\x4f\x20\u2192\x20\x63\x68\x6f\x6f\x73\x65\x20\x52\x20\x28\x48\x61\x29\x3b\x20\x20\x53\x48\x4f\x20\u2192\x20\x63\x68\x6f\x6f\x73\x65\x20\x47\x20\x28\x48\x61\x29\x2e';
        var _0x6d6983 = new Label(this);
        _0x6d6983['\x74\x65\x78\x74'] = '\x4d\x61\x74\x63\x68\x20\x74\x68\x65\x20\x6f\x74\x68\x65\x72\x20\x74\x77\x6f\x20\x63\x68\x61\x6e\x6e\x65\x6c\x73\x20\x74\x6f\x20\x74\x68\x65\x20\x63\x68\x6f\x73\x65\x6e\x20\x72\x65\x66\x65\x72\x65\x6e\x63\x65\x2e';
        var _0x6db228 = new HorizontalSizer();
        _0x6db228['\x73\x70\x61\x63\x69\x6e\x67'] = 0x8, _0x6db228['\x61\x64\x64'](_0x59942c), _0x6db228['\x61\x64\x64'](_0x2c7b41), _0x6db228['\x61\x64\x64'](_0x413ecb['\x6c\x69\x6e\x46\x69\x74\x52\x65\x66\x43\x6f\x6d\x62\x6f']), _0x6db228['\x61\x64\x64\x53\x74\x72\x65\x74\x63\x68']();
        var _0x2f43c2 = new HorizontalSizer();
        _0x2f43c2['\x73\x70\x61\x63\x69\x6e\x67'] = 0x8, _0x2f43c2['\x61\x64\x64'](_0x6d6983), _0x2f43c2['\x61\x64\x64\x53\x74\x72\x65\x74\x63\x68'](), _0x413ecb['\x75\x70\x64\x61\x74\x65\x4c\x69\x6e\x46\x69\x74\x52\x65\x66\x43\x6f\x6d\x62\x6f'] = function () {
            var _0x42c4c5 = {
                    0x1: [
                        '\x52\x20\u00b7\x20\x48\x61',
                        '\x47\x20\u00b7\x20\x4f\x49\x49\x49',
                        '\x42\x20\u00b7\x20\x4f\x49\x49\x49'
                    ],
                    0x2: [
                        '\x52\x20\u00b7\x20\x53\x49\x49',
                        '\x47\x20\u00b7\x20\x48\x61',
                        '\x42\x20\u00b7\x20\x4f\x49\x49\x49'
                    ],
                    0x3: [
                        '\x52\x20\u00b7\x20\x48\x61',
                        '\x47\x20\u00b7\x20\x53\x49\x49',
                        '\x42\x20\u00b7\x20\x4f\x49\x49\x49'
                    ],
                    0x4: [
                        '\x52\x20\u00b7\x20\x48\x61',
                        '\x47\x20\u00b7\x20\x4f\x49\x49\x49',
                        '\x42\x20\u00b7\x20\x53\x49\x49'
                    ]
                }, _0x41c2a7 = _0x322902['\x63\x75\x72\x72\x65\x6e\x74\x49\x74\x65\x6d'], _0x2084e6, _0x43f6e7;
            if (_0x41c2a7 >= 0x1 && _0x42c4c5[_0x41c2a7]) {
                _0x2084e6 = _0x42c4c5[_0x41c2a7];
                var _0x36ba6e = {
                    0x1: 0x0,
                    0x2: 0x1,
                    0x3: 0x0,
                    0x4: 0x0
                };
                _0x43f6e7 = _0x36ba6e[_0x41c2a7] !== undefined ? _0x36ba6e[_0x41c2a7] : 0x0;
            } else
                _0x2084e6 = [
                    '\x52',
                    '\x47',
                    '\x42'
                ], _0x43f6e7 = 0x1;
            _0x413ecb['\x6c\x69\x6e\x46\x69\x74\x52\x65\x66\x43\x6f\x6d\x62\x6f']['\x63\x6c\x65\x61\x72']();
            for (var _0x2ec76f = 0x0; _0x2ec76f < _0x2084e6['\x6c\x65\x6e\x67\x74\x68']; _0x2ec76f++)
                _0x413ecb['\x6c\x69\x6e\x46\x69\x74\x52\x65\x66\x43\x6f\x6d\x62\x6f']['\x61\x64\x64\x49\x74\x65\x6d'](_0x2084e6[_0x2ec76f]);
            _0x413ecb['\x6c\x69\x6e\x46\x69\x74\x52\x65\x66\x43\x6f\x6d\x62\x6f']['\x63\x75\x72\x72\x65\x6e\x74\x49\x74\x65\x6d'] = _0x43f6e7;
        }, _0x413ecb['\x75\x70\x64\x61\x74\x65\x4c\x69\x6e\x46\x69\x74\x52\x65\x66\x43\x6f\x6d\x62\x6f'](), _0x59942c['\x6f\x6e\x43\x6c\x69\x63\x6b'] = function () {
            if (!_0x413ecb['\x6f\x72\x69\x67\x49\x6d\x67']) {
                new MessageBox('\x52\x75\x6e\x20\x43\x6f\x6d\x70\x6f\x73\x65\x20\x66\x69\x72\x73\x74\x21', TITLE, StdIcon_Warning)['\x65\x78\x65\x63\x75\x74\x65']();
                return;
            }
            var _0x4d4c85 = _0x413ecb['\x6c\x69\x6e\x46\x69\x74\x52\x65\x66\x43\x6f\x6d\x62\x6f']['\x63\x75\x72\x72\x65\x6e\x74\x49\x74\x65\x6d'], _0x2e6045 = cloneImg(_0x413ecb['\x72\x61\x77\x4f\x72\x69\x67\x49\x6d\x67'] || _0x413ecb['\x6f\x72\x69\x67\x49\x6d\x67']), _0x4a6613 = linearFitChannelsRef(_0x2e6045, _0x4d4c85);
            if (!_0x4a6613) {
                _0x6d6983['\x74\x65\x78\x74'] = '\u26a0\x20\x4e\x6f\x74\x20\x65\x6e\x6f\x75\x67\x68\x20\x62\x61\x63\x6b\x67\x72\x6f\x75\x6e\x64\x20\x73\x61\x6d\x70\x6c\x65\x73';
                return;
            }
            _0x413ecb['\x6c\x61\x73\x74\x4c\x69\x6e\x65\x61\x72\x46\x69\x74\x4e\x42'] = _0x4a6613, _0x6d6983['\x74\x65\x78\x74'] = '\u2705\x20\x72\x65\x66\x3d' + _0x413ecb['\x6c\x69\x6e\x46\x69\x74\x52\x65\x66\x43\x6f\x6d\x62\x6f']['\x69\x74\x65\x6d\x54\x65\x78\x74'](_0x4d4c85) + '\x20\x20\x20\x61\x3d' + _0x4a6613['\x61\x41']['\x74\x6f\x46\x69\x78\x65\x64'](0x3) + '\x2f' + _0x4a6613['\x61\x42']['\x74\x6f\x46\x69\x78\x65\x64'](0x3) + '\x20\x20\x20\x62\x3d' + (_0x4a6613['\x62\x41'] >= 0x0 ? '\x2b' : '') + _0x4a6613['\x62\x41']['\x74\x6f\x46\x69\x78\x65\x64'](0x4) + '\x2f' + (_0x4a6613['\x62\x42'] >= 0x0 ? '\x2b' : '') + _0x4a6613['\x62\x42']['\x74\x6f\x46\x69\x78\x65\x64'](0x4), _0x413ecb['\x64\x6f\x52\x65\x66\x72\x65\x73\x68']();
        };
        var _0x58946b = new GroupBox(this);
        _0x58946b['\x74\x69\x74\x6c\x65'] = '\x31\x20\u00b7\x20\x43\x68\x61\x6e\x6e\x65\x6c\x20\x43\x6f\x6d\x70\x6f\x73\x69\x74\x69\x6f\x6e', _0x58946b['\x73\x69\x7a\x65\x72'] = new VerticalSizer(), _0x58946b['\x73\x69\x7a\x65\x72']['\x6d\x61\x72\x67\x69\x6e'] = 0x6, _0x58946b['\x73\x69\x7a\x65\x72']['\x73\x70\x61\x63\x69\x6e\x67'] = 0x4;
        var _0x5b7532 = new VerticalSizer();
        _0x5b7532['\x73\x70\x61\x63\x69\x6e\x67'] = 0x4, _0x5b7532['\x61\x64\x64'](_0x2ad5a5), _0x5b7532['\x61\x64\x64'](_0x413ecb['\x63\x68\x4c']['\x72\x6f\x77']), _0x5b7532['\x61\x64\x64'](_0x413ecb['\x63\x68\x52']['\x72\x6f\x77']), _0x5b7532['\x61\x64\x64'](_0x413ecb['\x63\x68\x47']['\x72\x6f\x77']), _0x5b7532['\x61\x64\x64'](_0x413ecb['\x63\x68\x42']['\x72\x6f\x77']), _0x5b7532['\x61\x64\x64\x53\x70\x61\x63\x69\x6e\x67'](0x4), _0x5b7532['\x61\x64\x64'](_0x6db228), _0x5b7532['\x61\x64\x64'](_0x2f43c2), this['\x62\x74\x6e\x53\x50\x43\x43'] = new PushButton(this), this['\x62\x74\x6e\x53\x50\x43\x43']['\x74\x65\x78\x74'] = '\ud83c\udfa8\x20\x53\x50\x43\x43\x20\u2014\x20\x63\x6f\x6c\x6f\x75\x72\x20\x63\x61\x6c\x69\x62\x72\x61\x74\x69\x6f\x6e', this['\x62\x74\x6e\x53\x50\x43\x43']['\x74\x6f\x6f\x6c\x54\x69\x70'] = '\x53\x70\x65\x63\x74\x72\x6f\x70\x68\x6f\x74\x6f\x6d\x65\x74\x72\x69\x63\x20\x63\x6f\x6c\x6f\x75\x72\x20\x63\x61\x6c\x69\x62\x72\x61\x74\x69\x6f\x6e\x20\x6f\x6e\x20\x74\x68\x65\x20\x63\x6f\x6d\x70\x6f\x73\x65\x64\x20\x52\x47\x42\x20\x69\x6d\x61\x67\x65\x2e\x0a' + '\x4e\x65\x65\x64\x73\x20\x61\x6e\x20\x61\x73\x74\x72\x6f\x6d\x65\x74\x72\x69\x63\x20\x73\x6f\x6c\x75\x74\x69\x6f\x6e\x20\u2014\x20\x70\x6c\x61\x74\x65\x2d\x73\x6f\x6c\x76\x65\x20\x61\x20\x63\x68\x61\x6e\x6e\x65\x6c\x20\x28\x6f\x72\x20\x74\x68\x65\x20\x63\x6f\x6d\x70\x6f\x73\x65\x64\x20\x69\x6d\x61\x67\x65\x29\x20\x66\x69\x72\x73\x74\x2e', this['\x62\x74\x6e\x53\x50\x43\x43']['\x6f\x6e\x43\x6c\x69\x63\x6b'] = function () {
            if (!_0x413ecb['\x6f\x72\x69\x67\x49\x6d\x67'])
                return;
            if (_0x413ecb['\x6f\x72\x69\x67\x49\x6d\x67']['\x6e\x75\x6d\x62\x65\x72\x4f\x66\x43\x68\x61\x6e\x6e\x65\x6c\x73'] < 0x3) {
                new MessageBox('\x53\x50\x43\x43\x20\x6e\x65\x65\x64\x73\x20\x61\x6e\x20\x52\x47\x42\x20\x69\x6d\x61\x67\x65\x20\u2014\x20\x63\x6f\x6d\x70\x6f\x73\x65\x20\x63\x68\x61\x6e\x6e\x65\x6c\x73\x20\x66\x69\x72\x73\x74\x2e', TITLE)['\x65\x78\x65\x63\x75\x74\x65']();
                return;
            }
            var _0x289c28 = null;
            if (_0x413ecb['\x76\x69\x65\x77\x73'])
                for (var _0x1d01ef = 0x0; _0x1d01ef < _0x413ecb['\x76\x69\x65\x77\x73']['\x6c\x65\x6e\x67\x74\x68']; _0x1d01ef++) {
                    try {
                        var _0x271891 = _0x413ecb['\x76\x69\x65\x77\x73'][_0x1d01ef] ? _0x413ecb['\x76\x69\x65\x77\x73'][_0x1d01ef]['\x77\x69\x6e\x64\x6f\x77'] : null;
                        if (_0x271891 && !_0x271891['\x69\x73\x4e\x75\x6c\x6c'] && winHasSolution(_0x271891)) {
                            _0x289c28 = _0x271891;
                            break;
                        }
                    } catch (_0x2005b7) {
                    }
                }
            Console['\x73\x68\x6f\x77'](), Console['\x77\x72\x69\x74\x65\x6c\x6e']('\x3c\x62\x3e\ud83c\udfa8\x20\x53\x50\x43\x43\x20\u2014\x20\x63\x6f\x6c\x6f\x75\x72\x20\x63\x61\x6c\x69\x62\x72\x61\x74\x69\x6f\x6e\u2026\x3c\x2f\x62\x3e'), processEvents();
            var _0x1ab8c2 = _0x413ecb['\x72\x61\x77\x4f\x72\x69\x67\x49\x6d\x67'] || _0x413ecb['\x6f\x72\x69\x67\x49\x6d\x67'], _0x22db0f = cloneImg(_0x1ab8c2);
            if (_0x413ecb['\x6c\x61\x73\x74\x4c\x69\x6e\x65\x61\x72\x46\x69\x74\x4e\x42'])
                applyStoredLinFit(_0x22db0f, _0x413ecb['\x6c\x61\x73\x74\x4c\x69\x6e\x65\x61\x72\x46\x69\x74\x4e\x42']);
            var _0x3bc4f2;
            try {
                _0x3bc4f2 = spccCalibrateImage(_0x22db0f, _0x289c28);
            } catch (_0x4d54fb) {
                Console['\x68\x69\x64\x65'](), new MessageBox('\x53\x50\x43\x43\x20\x66\x61\x69\x6c\x65\x64\x3a\x0a' + _0x4d54fb + '\x0a\x0a\x4d\x61\x6b\x65\x20\x73\x75\x72\x65\x20\x53\x50\x43\x43\x27\x73\x20\x47\x61\x69\x61\x20\x64\x61\x74\x61\x62\x61\x73\x65\x20\x69\x73\x20\x63\x6f\x6e\x66\x69\x67\x75\x72\x65\x64\x2e', TITLE)['\x65\x78\x65\x63\x75\x74\x65']();
                return;
            }
            if (_0x3bc4f2 === null) {
                Console['\x68\x69\x64\x65'](), new MessageBox('\x4e\x6f\x20\x61\x73\x74\x72\x6f\x6d\x65\x74\x72\x69\x63\x20\x73\x6f\x6c\x75\x74\x69\x6f\x6e\x20\x66\x6f\x75\x6e\x64\x2c\x20\x73\x6f\x20\x53\x50\x43\x43\x20\x63\x61\x6e\x27\x74\x20\x72\x75\x6e\x2e\x0a\x0a' + '\x50\x6c\x61\x74\x65\x2d\x73\x6f\x6c\x76\x65\x20\x6f\x6e\x65\x20\x6f\x66\x20\x74\x68\x65\x20\x63\x68\x61\x6e\x6e\x65\x6c\x20\x6d\x61\x73\x74\x65\x72\x73\x20\x28\x6f\x72\x20\x74\x68\x65\x20\x63\x6f\x6d\x70\x6f\x73\x65\x64\x20\x69\x6d\x61\x67\x65\x29\x20\x77\x69\x74\x68\x20\x49\x6d\x61\x67\x65\x53\x6f\x6c\x76\x65\x72\x2c\x20\x74\x68\x65\x6e\x20\x74\x72\x79\x20\x61\x67\x61\x69\x6e\x2e', TITLE)['\x65\x78\x65\x63\x75\x74\x65']();
                return;
            }
            _0x413ecb['\x70\x75\x73\x68\x42\x61\x6b\x65\x52\x65\x73\x74\x6f\x72\x65'](), _0x413ecb['\x6f\x72\x69\x67\x49\x6d\x67'] = _0x3bc4f2, _0x413ecb['\x70\x72\x65\x76\x69\x65\x77\x49\x6d\x67'] = scaleImage(_0x413ecb['\x6f\x72\x69\x67\x49\x6d\x67'], _0x413ecb['\x70\x72\x65\x76\x69\x65\x77\x53\x63\x61\x6c\x65']), _0x413ecb['\x72\x61\x77\x4f\x72\x69\x67\x49\x6d\x67'] = cloneImg(_0x413ecb['\x6f\x72\x69\x67\x49\x6d\x67']), _0x413ecb['\x72\x61\x77\x50\x72\x65\x76\x69\x65\x77\x49\x6d\x67'] = cloneImg(_0x413ecb['\x70\x72\x65\x76\x69\x65\x77\x49\x6d\x67']), _0x413ecb['\x6c\x61\x73\x74\x4c\x69\x6e\x65\x61\x72\x46\x69\x74\x4e\x42'] = null, _0x413ecb['\x72\x65\x73\x74\x6f\x72\x69\x6e\x67\x53\x74\x61\x74\x65'] = !![], _0x413ecb['\x64\x6f\x52\x65\x66\x72\x65\x73\x68'](), _0x413ecb['\x72\x65\x73\x74\x6f\x72\x69\x6e\x67\x53\x74\x61\x74\x65'] = ![], _0x413ecb['\x73\x65\x74\x43\x6f\x6d\x70\x61\x72\x65\x42\x61\x73\x65\x6c\x69\x6e\x65']();
            if (_0x413ecb['\x75\x70\x64\x61\x74\x65\x42\x61\x63\x6b\x42\x74\x6e'])
                _0x413ecb['\x75\x70\x64\x61\x74\x65\x42\x61\x63\x6b\x42\x74\x6e']();
            Console['\x77\x72\x69\x74\x65\x6c\x6e']('\x20\x20\x20\u2705\x20\x53\x50\x43\x43\x20\x64\x6f\x6e\x65\x2e'), Console['\x68\x69\x64\x65']();
        };
        var _0x2e1625 = new HorizontalSizer();
        _0x2e1625['\x61\x64\x64'](this['\x62\x74\x6e\x53\x50\x43\x43']), _0x2e1625['\x61\x64\x64\x53\x74\x72\x65\x74\x63\x68'](), _0x5b7532['\x61\x64\x64'](_0x2e1625), _0x5b7532['\x61\x64\x64\x53\x74\x72\x65\x74\x63\x68']();
        var _0x13bfa6 = new VerticalSizer();
        _0x13bfa6['\x73\x70\x61\x63\x69\x6e\x67'] = 0x4, _0x13bfa6['\x61\x64\x64'](_0x118397), _0x13bfa6['\x61\x64\x64'](_0x413ecb['\x63\x68\x48\x61']['\x72\x6f\x77']), _0x13bfa6['\x61\x64\x64'](_0x413ecb['\x63\x68\x53\x49\x49']['\x72\x6f\x77']), _0x13bfa6['\x61\x64\x64'](_0x413ecb['\x63\x68\x4f\x49\x49\x49']['\x72\x6f\x77']), _0x13bfa6['\x61\x64\x64'](_0x19f61f), _0x13bfa6['\x61\x64\x64\x53\x74\x72\x65\x74\x63\x68']();
        var _0x31da3a = new HorizontalSizer();
        _0x31da3a['\x73\x70\x61\x63\x69\x6e\x67'] = 0xc, _0x31da3a['\x61\x64\x64'](_0x5b7532, 0x1), _0x31da3a['\x61\x64\x64'](_0x13bfa6, 0x1);
        var _0x5b9f47 = new HorizontalSizer();
        _0x5b9f47['\x73\x70\x61\x63\x69\x6e\x67'] = 0x6, _0x5b9f47['\x61\x64\x64'](_0x13fefc, 0x1), _0x5b9f47['\x61\x64\x64'](_0x4317ac), _0x58946b['\x73\x69\x7a\x65\x72']['\x61\x64\x64'](_0x31da3a), _0x58946b['\x73\x69\x7a\x65\x72']['\x61\x64\x64\x53\x70\x61\x63\x69\x6e\x67'](0x4), _0x58946b['\x73\x69\x7a\x65\x72']['\x61\x64\x64'](_0x5b9f47);
        var _0x25357a = _0x185497('\x42\x6c\x61\x63\x6b\x70\x6f\x69\x6e\x74', 0x0, 0.1, 0.001, 0x0, function (_0x52f297) {
            _0x413ecb['\x70']['\x62\x6c\x61\x63\x6b\x70\x6f\x69\x6e\x74'] = _0x52f297;
        });
        this['\x73\x6c\x42\x50'] = _0x25357a;
        var _0x9de77b = new GroupBox(this);
        _0x9de77b['\x74\x69\x74\x6c\x65'] = '\x32\x20\u00b7\x20\x53\x74\x72\x65\x74\x63\x68', _0x9de77b['\x73\x69\x7a\x65\x72'] = new VerticalSizer(), _0x9de77b['\x73\x69\x7a\x65\x72']['\x6d\x61\x72\x67\x69\x6e'] = 0x8, _0x9de77b['\x73\x69\x7a\x65\x72']['\x73\x70\x61\x63\x69\x6e\x67'] = 0x4;
        var _0x195b3a = _0x185497('\x54\x61\x72\x67\x65\x74\x20\x4d\x65\x64\x69\x61\x6e', 0x0, 0.5, 0.005, 0x0, function (_0x53fbb6) {
            _0x413ecb['\x70']['\x74\x61\x72\x67\x65\x74\x4d\x65\x64'] = _0x53fbb6;
        });
        this['\x73\x6c\x54\x4d'] = _0x195b3a;
        var _0x3e4266 = _0x185497('\x47\x65\x6e\x65\x72\x61\x6c\x20\x53\x74\x72\x65\x74\x63\x68', -0x1, 0x1, 0.01, 0x0, function (_0x4e55f9) {
            _0x413ecb['\x70']['\x67\x65\x6e\x53\x74\x72\x65\x74\x63\x68'] = _0x4e55f9;
        });
        this['\x73\x6c\x47\x53'] = _0x3e4266, this['\x62\x74\x6e\x41\x75\x74\x6f\x53\x74\x72\x65\x74\x63\x68'] = new PushButton(this), this['\x62\x74\x6e\x41\x75\x74\x6f\x53\x74\x72\x65\x74\x63\x68']['\x74\x65\x78\x74'] = '\u26a1\x20\x20\x41\x75\x74\x6f\x20\x53\x74\x72\x65\x74\x63\x68', this['\x62\x74\x6e\x41\x75\x74\x6f\x53\x74\x72\x65\x74\x63\x68']['\x6f\x6e\x43\x6c\x69\x63\x6b'] = function () {
            if (!_0x413ecb['\x6f\x72\x69\x67\x49\x6d\x67'])
                return;
            Console['\x73\x68\x6f\x77'](), Console['\x77\x72\x69\x74\x65\x6c\x6e']('\x3c\x62\x3e\u26a1\x20\x41\x75\x74\x6f\x2d\x73\x74\x72\x65\x74\x63\x68\x20\x66\x75\x6c\x6c\x20\x69\x6d\x61\x67\x65\u2026\x3c\x2f\x62\x3e'), processEvents();
            try {
                var _0x5dc68f = _0x413ecb['\x72\x61\x77\x4f\x72\x69\x67\x49\x6d\x67'] || _0x413ecb['\x6f\x72\x69\x67\x49\x6d\x67'], _0x20f08c = cloneImg(_0x5dc68f);
                if (_0x413ecb['\x6c\x61\x73\x74\x4c\x69\x6e\x65\x61\x72\x46\x69\x74\x4e\x42'])
                    applyStoredLinFit(_0x20f08c, _0x413ecb['\x6c\x61\x73\x74\x4c\x69\x6e\x65\x61\x72\x46\x69\x74\x4e\x42']);
                var _0xa210a = masStretchImage(_0x20f08c);
                _0x413ecb['\x70\x75\x73\x68\x42\x61\x6b\x65\x52\x65\x73\x74\x6f\x72\x65'](), _0x413ecb['\x6f\x72\x69\x67\x49\x6d\x67'] = _0xa210a, _0x413ecb['\x70\x72\x65\x76\x69\x65\x77\x49\x6d\x67'] = scaleImage(_0x413ecb['\x6f\x72\x69\x67\x49\x6d\x67'], _0x413ecb['\x70\x72\x65\x76\x69\x65\x77\x53\x63\x61\x6c\x65']), _0x413ecb['\x72\x61\x77\x4f\x72\x69\x67\x49\x6d\x67'] = cloneImg(_0x413ecb['\x6f\x72\x69\x67\x49\x6d\x67']), _0x413ecb['\x72\x61\x77\x50\x72\x65\x76\x69\x65\x77\x49\x6d\x67'] = cloneImg(_0x413ecb['\x70\x72\x65\x76\x69\x65\x77\x49\x6d\x67']), _0x413ecb['\x6c\x61\x73\x74\x4c\x69\x6e\x65\x61\x72\x46\x69\x74\x4e\x42'] = null;
                var _0x15be07 = _0x413ecb['\x70']['\x63\x6f\x6d\x70\x6f\x73\x65\x4d\x6f\x64\x65'], _0x216366 = _0x413ecb['\x70']['\x6e\x62\x50\x61\x6c\x65\x74\x74\x65'];
                _0x413ecb['\x70'] = defaultParams(), _0x413ecb['\x70']['\x63\x6f\x6d\x70\x6f\x73\x65\x4d\x6f\x64\x65'] = _0x15be07, _0x413ecb['\x70']['\x6e\x62\x50\x61\x6c\x65\x74\x74\x65'] = _0x216366, _0x413ecb['\x72\x65\x73\x65\x74\x41\x6c\x6c\x43\x6f\x6e\x74\x72\x6f\x6c\x73'](), _0x413ecb['\x72\x65\x73\x74\x6f\x72\x69\x6e\x67\x53\x74\x61\x74\x65'] = !![], _0x413ecb['\x64\x6f\x52\x65\x66\x72\x65\x73\x68'](), _0x413ecb['\x72\x65\x73\x74\x6f\x72\x69\x6e\x67\x53\x74\x61\x74\x65'] = ![], _0x413ecb['\x73\x65\x74\x43\x6f\x6d\x70\x61\x72\x65\x42\x61\x73\x65\x6c\x69\x6e\x65']();
                if (_0x413ecb['\x75\x70\x64\x61\x74\x65\x42\x61\x63\x6b\x42\x74\x6e'])
                    _0x413ecb['\x75\x70\x64\x61\x74\x65\x42\x61\x63\x6b\x42\x74\x6e']();
                Console['\x77\x72\x69\x74\x65\x6c\x6e']('\x20\x20\x20\u2705\x20\x41\x75\x74\x6f\x2d\x73\x74\x72\x65\x74\x63\x68\x20\x64\x6f\x6e\x65\x2e'), Console['\x68\x69\x64\x65']();
            } catch (_0x247785) {
                Console['\x77\x72\x69\x74\x65\x6c\x6e']('\x20\x20\x20\x2a\x2a\x20\x4d\x75\x6c\x74\x69\x73\x63\x61\x6c\x65\x41\x64\x61\x70\x74\x69\x76\x65\x53\x74\x72\x65\x74\x63\x68\x20\x6e\x6f\x74\x20\x61\x76\x61\x69\x6c\x61\x62\x6c\x65\x20\u2014\x20\x75\x73\x69\x6e\x67\x20\x62\x75\x69\x6c\x74\x2d\x69\x6e\x20\x61\x75\x74\x6f\x20\x73\x74\x72\x65\x74\x63\x68\x2e'), Console['\x68\x69\x64\x65']();
                var _0x3211f7 = autoStretchParams(_0x413ecb['\x70\x72\x65\x76\x69\x65\x77\x49\x6d\x67'], _0x413ecb['\x70']['\x63\x6f\x6d\x70\x6f\x73\x65\x4d\x6f\x64\x65'] === '\x6e\x62');
                _0x413ecb['\x70']['\x62\x6c\x61\x63\x6b\x70\x6f\x69\x6e\x74'] = _0x3211f7['\x62\x6c\x61\x63\x6b\x70\x6f\x69\x6e\x74'];
                var _0x2666f9 = Math['\x72\x6f\x75\x6e\x64'](_0x413ecb['\x70']['\x62\x6c\x61\x63\x6b\x70\x6f\x69\x6e\x74'] / _0x25357a['\x73\x74\x65\x70']);
                _0x25357a['\x73\x6c\x69\x64\x65\x72']['\x76\x61\x6c\x75\x65'] = Math['\x6d\x69\x6e'](_0x2666f9, _0x25357a['\x73\x6c\x69\x64\x65\x72']['\x6d\x61\x78\x56\x61\x6c\x75\x65']), _0x25357a['\x76\x61\x6c\x4c\x61\x62\x65\x6c']['\x74\x65\x78\x74'] = _0x413ecb['\x70']['\x62\x6c\x61\x63\x6b\x70\x6f\x69\x6e\x74']['\x74\x6f\x46\x69\x78\x65\x64'](0x3), _0x413ecb['\x70']['\x74\x61\x72\x67\x65\x74\x4d\x65\x64'] = _0x3211f7['\x74\x61\x72\x67\x65\x74\x4d\x65\x64'];
                var _0xe5a054 = Math['\x72\x6f\x75\x6e\x64'](_0x413ecb['\x70']['\x74\x61\x72\x67\x65\x74\x4d\x65\x64'] / _0x195b3a['\x73\x74\x65\x70']);
                _0x195b3a['\x73\x6c\x69\x64\x65\x72']['\x76\x61\x6c\x75\x65'] = _0xe5a054, _0x195b3a['\x76\x61\x6c\x4c\x61\x62\x65\x6c']['\x74\x65\x78\x74'] = _0x413ecb['\x70']['\x74\x61\x72\x67\x65\x74\x4d\x65\x64']['\x74\x6f\x46\x69\x78\x65\x64'](0x3), _0x413ecb['\x64\x6f\x52\x65\x66\x72\x65\x73\x68']();
            }
        }, this['\x62\x74\x6e\x4e\x6f\x69\x73\x65\x58'] = new PushButton(this), this['\x62\x74\x6e\x4e\x6f\x69\x73\x65\x58']['\x74\x65\x78\x74'] = '\ud83d\udd07\x20\x4e\x6f\x69\x73\x65\x58\x54\x65\x72\x6d\x69\x6e\x61\x74\x6f\x72\x20\x28\x30\x2e\x35\x30\x29', this['\x62\x74\x6e\x4e\x6f\x69\x73\x65\x58']['\x74\x6f\x6f\x6c\x54\x69\x70'] = '\x44\x65\x6e\x6f\x69\x73\x65\x20\x74\x68\x65\x20\x77\x6f\x72\x6b\x69\x6e\x67\x20\x69\x6d\x61\x67\x65\x20\x77\x69\x74\x68\x20\x4e\x6f\x69\x73\x65\x58\x54\x65\x72\x6d\x69\x6e\x61\x74\x6f\x72\x20\x61\x74\x20\x30\x2e\x35\x30\x20\x28\x4e\x58\x54\x20\x6d\x75\x73\x74\x20\x62\x65\x20\x69\x6e\x73\x74\x61\x6c\x6c\x65\x64\x29\x2e\x20\x55\x6e\x64\x6f\x20\x77\x69\x74\x68\x20\x42\x61\x63\x6b\x2e', this['\x62\x74\x6e\x4e\x6f\x69\x73\x65\x58']['\x6f\x6e\x43\x6c\x69\x63\x6b'] = function () {
            if (!_0x413ecb['\x6f\x72\x69\x67\x49\x6d\x67'])
                return;
            Console['\x73\x68\x6f\x77'](), Console['\x77\x72\x69\x74\x65\x6c\x6e']('\x3c\x62\x3e\ud83d\udd07\x20\x4e\x6f\x69\x73\x65\x58\x54\x65\x72\x6d\x69\x6e\x61\x74\x6f\x72\x20\x28\x30\x2e\x35\x30\x29\u2026\x3c\x2f\x62\x3e'), processEvents();
            var _0x24a944 = _0x413ecb['\x72\x61\x77\x4f\x72\x69\x67\x49\x6d\x67'] || _0x413ecb['\x6f\x72\x69\x67\x49\x6d\x67'], _0x369250 = cloneImg(_0x24a944);
            if (_0x413ecb['\x6c\x61\x73\x74\x4c\x69\x6e\x65\x61\x72\x46\x69\x74\x4e\x42'])
                applyStoredLinFit(_0x369250, _0x413ecb['\x6c\x61\x73\x74\x4c\x69\x6e\x65\x61\x72\x46\x69\x74\x4e\x42']);
            var _0x58abf7;
            try {
                _0x58abf7 = noiseXImage(_0x369250);
            } catch (_0x1d226e) {
                Console['\x68\x69\x64\x65'](), new MessageBox('\x4e\x6f\x69\x73\x65\x58\x54\x65\x72\x6d\x69\x6e\x61\x74\x6f\x72\x20\x66\x61\x69\x6c\x65\x64\x20\x6f\x72\x20\x69\x73\x20\x6e\x6f\x74\x20\x69\x6e\x73\x74\x61\x6c\x6c\x65\x64\x3a\x0a' + _0x1d226e, TITLE)['\x65\x78\x65\x63\x75\x74\x65']();
                return;
            }
            _0x413ecb['\x70\x75\x73\x68\x42\x61\x6b\x65\x52\x65\x73\x74\x6f\x72\x65'](), _0x413ecb['\x6f\x72\x69\x67\x49\x6d\x67'] = _0x58abf7, _0x413ecb['\x70\x72\x65\x76\x69\x65\x77\x49\x6d\x67'] = scaleImage(_0x413ecb['\x6f\x72\x69\x67\x49\x6d\x67'], _0x413ecb['\x70\x72\x65\x76\x69\x65\x77\x53\x63\x61\x6c\x65']), _0x413ecb['\x72\x61\x77\x4f\x72\x69\x67\x49\x6d\x67'] = cloneImg(_0x413ecb['\x6f\x72\x69\x67\x49\x6d\x67']), _0x413ecb['\x72\x61\x77\x50\x72\x65\x76\x69\x65\x77\x49\x6d\x67'] = cloneImg(_0x413ecb['\x70\x72\x65\x76\x69\x65\x77\x49\x6d\x67']), _0x413ecb['\x6c\x61\x73\x74\x4c\x69\x6e\x65\x61\x72\x46\x69\x74\x4e\x42'] = null, _0x413ecb['\x72\x65\x73\x74\x6f\x72\x69\x6e\x67\x53\x74\x61\x74\x65'] = !![], _0x413ecb['\x64\x6f\x52\x65\x66\x72\x65\x73\x68'](), _0x413ecb['\x72\x65\x73\x74\x6f\x72\x69\x6e\x67\x53\x74\x61\x74\x65'] = ![], _0x413ecb['\x73\x65\x74\x43\x6f\x6d\x70\x61\x72\x65\x42\x61\x73\x65\x6c\x69\x6e\x65']();
            if (_0x413ecb['\x75\x70\x64\x61\x74\x65\x42\x61\x63\x6b\x42\x74\x6e'])
                _0x413ecb['\x75\x70\x64\x61\x74\x65\x42\x61\x63\x6b\x42\x74\x6e']();
            Console['\x77\x72\x69\x74\x65\x6c\x6e']('\x20\x20\x20\u2705\x20\x44\x65\x6e\x6f\x69\x73\x65\x64\x2e'), Console['\x68\x69\x64\x65']();
        }, _0x9de77b['\x73\x69\x7a\x65\x72']['\x61\x64\x64'](_0x25357a['\x73\x69\x7a\x65\x72']), _0x9de77b['\x73\x69\x7a\x65\x72']['\x61\x64\x64'](_0x195b3a['\x73\x69\x7a\x65\x72']), _0x9de77b['\x73\x69\x7a\x65\x72']['\x61\x64\x64'](_0x3e4266['\x73\x69\x7a\x65\x72']), _0x9de77b['\x73\x69\x7a\x65\x72']['\x61\x64\x64'](this['\x62\x74\x6e\x41\x75\x74\x6f\x53\x74\x72\x65\x74\x63\x68']), _0x9de77b['\x73\x69\x7a\x65\x72']['\x61\x64\x64'](this['\x62\x74\x6e\x4e\x6f\x69\x73\x65\x58']);
        var _0x4d6864 = new GroupBox(this);
        _0x4d6864['\x74\x69\x74\x6c\x65'] = '\x48\x44\x52\x20\x2f\x20\x43\x6f\x6e\x74\x72\x61\x73\x74', _0x4d6864['\x73\x69\x7a\x65\x72'] = new VerticalSizer(), _0x4d6864['\x73\x69\x7a\x65\x72']['\x6d\x61\x72\x67\x69\x6e'] = 0x8, _0x4d6864['\x73\x69\x7a\x65\x72']['\x73\x70\x61\x63\x69\x6e\x67'] = 0x4;
        var _0x2adfc8 = _0x185497('\x48\x44\x52\x20\x53\x74\x72\x65\x6e\x67\x74\x68', 0x0, 0x1, 0.01, 0x0, function (_0x17773c) {
                _0x413ecb['\x70']['\x68\x64\x72\x53\x74\x72\x65\x6e\x67\x74\x68'] = _0x17773c;
            }), _0x1798de = _0x185497('\x43\x6f\x6e\x74\x72\x61\x73\x74\x20\x42\x6f\x6f\x73\x74', -0x1, 0x1, 0.01, 0x0, function (_0x1bfb82) {
                _0x413ecb['\x70']['\x63\x6f\x6e\x74\x72\x61\x73\x74\x42\x6f\x6f\x73\x74'] = _0x1bfb82;
            });
        this['\x73\x6c\x48\x44\x52'] = _0x2adfc8, this['\x73\x6c\x43\x6f\x6e'] = _0x1798de, _0x4d6864['\x73\x69\x7a\x65\x72']['\x61\x64\x64'](_0x2adfc8['\x73\x69\x7a\x65\x72']), _0x4d6864['\x73\x69\x7a\x65\x72']['\x61\x64\x64'](_0x1798de['\x73\x69\x7a\x65\x72']);
        var _0x24df89 = new GroupBox(this);
        _0x24df89['\x74\x69\x74\x6c\x65'] = '\x42\x61\x63\x6b\x67\x72\x6f\x75\x6e\x64\x20\x2f\x20\x4d\x69\x64\x74\x6f\x6e\x65\x73\x20\x2f\x20\x48\x69\x67\x68\x6c\x69\x67\x68\x74\x73', _0x24df89['\x73\x69\x7a\x65\x72'] = new VerticalSizer(), _0x24df89['\x73\x69\x7a\x65\x72']['\x6d\x61\x72\x67\x69\x6e'] = 0x8, _0x24df89['\x73\x69\x7a\x65\x72']['\x73\x70\x61\x63\x69\x6e\x67'] = 0x4;
        var _0xfd4d3 = _0x185497('\x42\x61\x63\x6b\x67\x72\x6f\x75\x6e\x64\x20\x42\x72\x69\x67\x68\x74\x6e\x65\x73\x73', -0x1, 0x1, 0.01, 0x0, function (_0x533d4f) {
                _0x413ecb['\x70']['\x62\x67\x42\x72\x69\x67\x68\x74\x6e\x65\x73\x73'] = _0x533d4f;
            }), _0x49dd40 = _0x185497('\x4d\x69\x64\x74\x6f\x6e\x65\x73\x20\x42\x72\x69\x67\x68\x74\x6e\x65\x73\x73', -0x1, 0x1, 0.01, 0x0, function (_0x2a7d90) {
                _0x413ecb['\x70']['\x6d\x69\x64\x42\x72\x69\x67\x68\x74\x6e\x65\x73\x73'] = _0x2a7d90;
            }), _0xe19ab3 = _0x185497('\x48\x69\x67\x68\x6c\x69\x67\x68\x74\x20\x43\x6c\x69\x70', 0x0, 0x1, 0.01, 0x0, function (_0x404800) {
                _0x413ecb['\x70']['\x68\x69\x43\x6c\x69\x70'] = _0x404800;
            });
        this['\x73\x6c\x42\x47'] = _0xfd4d3, this['\x73\x6c\x4d\x49\x44'] = _0x49dd40, this['\x73\x6c\x48\x49'] = _0xe19ab3, _0x24df89['\x73\x69\x7a\x65\x72']['\x61\x64\x64'](_0xfd4d3['\x73\x69\x7a\x65\x72']), _0x24df89['\x73\x69\x7a\x65\x72']['\x61\x64\x64'](_0x49dd40['\x73\x69\x7a\x65\x72']), _0x24df89['\x73\x69\x7a\x65\x72']['\x61\x64\x64'](_0xe19ab3['\x73\x69\x7a\x65\x72']);
        var _0x2793f4 = new GroupBox(this);
        _0x2793f4['\x74\x69\x74\x6c\x65'] = '\x42\x61\x63\x6b\x67\x72\x6f\x75\x6e\x64\x20\x4c\x6f\x63\x6b', _0x2793f4['\x73\x69\x7a\x65\x72'] = new VerticalSizer(), _0x2793f4['\x73\x69\x7a\x65\x72']['\x6d\x61\x72\x67\x69\x6e'] = 0x8, _0x2793f4['\x73\x69\x7a\x65\x72']['\x73\x70\x61\x63\x69\x6e\x67'] = 0x4;
        var _0x15e0a7 = _0x185497('\x42\x47\x20\x54\x61\x72\x67\x65\x74', 0.02, 0.4, 0.005, 0.12, function (_0x7b467d) {
            _0x413ecb['\x70']['\x62\x67\x54\x61\x72\x67\x65\x74'] = _0x7b467d;
        });
        this['\x73\x6c\x42\x47\x54\x61\x72\x67\x65\x74'] = _0x15e0a7, this['\x63\x62\x42\x67\x4c\x6f\x63\x6b'] = _0x602f44('\x42\x47\x20\x4c\x6f\x63\x6b', ![], function (_0x431816) {
            _0x413ecb['\x70']['\x62\x67\x4c\x6f\x63\x6b'] = _0x431816;
        }), this['\x62\x74\x6e\x42\x67\x44\x65\x74\x65\x63\x74'] = new PushButton(this), this['\x62\x74\x6e\x42\x67\x44\x65\x74\x65\x63\x74']['\x74\x65\x78\x74'] = '\ud83c\udfaf\x20\x20\x42\x47\x20\x44\x65\x74\x65\x63\x74', this['\x62\x74\x6e\x42\x67\x44\x65\x74\x65\x63\x74']['\x6f\x6e\x43\x6c\x69\x63\x6b'] = function () {
            if (!_0x413ecb['\x6c\x61\x73\x74\x52\x65\x73'])
                return;
            var _0xdcb145 = detectBackground(_0x413ecb['\x6c\x61\x73\x74\x52\x65\x73']);
            _0x413ecb['\x70']['\x62\x67\x44\x65\x74\x65\x63\x74\x65\x64'] = _0xdcb145, _0x413ecb['\x70']['\x62\x67\x54\x61\x72\x67\x65\x74'] = Math['\x6d\x61\x78'](0.02, Math['\x6d\x69\x6e'](0.4, _0xdcb145));
            var _0x165276 = Math['\x72\x6f\x75\x6e\x64'](_0x413ecb['\x70']['\x62\x67\x54\x61\x72\x67\x65\x74'] / _0x15e0a7['\x73\x74\x65\x70']);
            _0x15e0a7['\x73\x6c\x69\x64\x65\x72']['\x76\x61\x6c\x75\x65'] = _0x165276, _0x15e0a7['\x76\x61\x6c\x4c\x61\x62\x65\x6c']['\x74\x65\x78\x74'] = _0x413ecb['\x70']['\x62\x67\x54\x61\x72\x67\x65\x74']['\x74\x6f\x46\x69\x78\x65\x64'](0x3), _0x413ecb['\x70']['\x62\x67\x4c\x6f\x63\x6b'] = !![], _0x413ecb['\x63\x62\x42\x67\x4c\x6f\x63\x6b']['\x63\x68\x65\x63\x6b\x65\x64'] = !![];
        };
        var _0x1e11f3 = new HorizontalSizer();
        _0x1e11f3['\x73\x70\x61\x63\x69\x6e\x67'] = 0x8, _0x1e11f3['\x61\x64\x64'](this['\x63\x62\x42\x67\x4c\x6f\x63\x6b']), _0x1e11f3['\x61\x64\x64\x53\x74\x72\x65\x74\x63\x68'](), _0x1e11f3['\x61\x64\x64'](this['\x62\x74\x6e\x42\x67\x44\x65\x74\x65\x63\x74']), _0x2793f4['\x73\x69\x7a\x65\x72']['\x61\x64\x64'](_0x15e0a7['\x73\x69\x7a\x65\x72']), _0x2793f4['\x73\x69\x7a\x65\x72']['\x61\x64\x64'](_0x1e11f3);
        var _0x511255 = new GroupBox(this);
        _0x511255['\x74\x69\x74\x6c\x65'] = '\x4e\x61\x72\x72\x6f\x77\x62\x61\x6e\x64\x20\x50\x72\x6f\x63\x65\x73\x73\x69\x6e\x67', _0x511255['\x73\x69\x7a\x65\x72'] = new VerticalSizer(), _0x511255['\x73\x69\x7a\x65\x72']['\x6d\x61\x72\x67\x69\x6e'] = 0x8, _0x511255['\x73\x69\x7a\x65\x72']['\x73\x70\x61\x63\x69\x6e\x67'] = 0x4;
        var _0x5bb76c = _0x185497('\x4f\x49\x49\x49\x20\x42\x6f\x6f\x73\x74\x20\x20\x28\x31\x3d\x6f\x72\x69\x67\x69\x6e\x61\x6c\x29', 0.5, 0x3, 0.01, 0x1, function (_0x28fdab) {
                _0x413ecb['\x70']['\x6e\x62\x4f\x69\x69\x69\x42\x6f\x6f\x73\x74'] = _0x28fdab;
            }), _0x513e3d = _0x185497('\x53\x49\x49\x20\x42\x6f\x6f\x73\x74\x20\x20\x28\x31\x3d\x6f\x72\x69\x67\x69\x6e\x61\x6c\x29', 0.5, 0x3, 0.01, 0x1, function (_0x1bdd90) {
                _0x413ecb['\x70']['\x6e\x62\x53\x69\x69\x42\x6f\x6f\x73\x74'] = _0x1bdd90;
            }), _0x536115 = _0x185497('\x48\x61\x20\x42\x6c\x65\x6e\x64\x20\x77\x69\x74\x68\x20\x4f\x49\x49\x49\x20\x20\x28\x30\x3d\x6e\x6f\x6e\x65\x29', 0x0, 0x1, 0.01, 0x0, function (_0x2c99cd) {
                _0x413ecb['\x70']['\x6e\x62\x48\x61\x42\x6c\x65\x6e\x64'] = _0x2c99cd;
            }), _0x2e5cf1 = _0x185497('\x53\x43\x4e\x52\x20\x28\x67\x72\x65\x65\x6e\x20\x72\x65\x6d\x6f\x76\x61\x6c\x29', 0x0, 0x1, 0.01, 0x0, function (_0x2d69ce) {
                _0x413ecb['\x70']['\x6e\x62\x53\x63\x6e\x72'] = _0x2d69ce;
            }), _0x29b1b6 = _0x602f44('\x48\x61\x20\x61\x73\x20\x4c\x75\x6d\x69\x6e\x61\x6e\x63\x65', ![], function (_0x309d89) {
                _0x413ecb['\x70']['\x6e\x62\x48\x61\x4c\x75\x6d'] = _0x309d89;
            });
        _0x413ecb['\x73\x6c\x4e\x42\x4f\x69\x69\x69'] = _0x5bb76c, _0x413ecb['\x73\x6c\x4e\x42\x53\x69\x69'] = _0x513e3d, _0x413ecb['\x73\x6c\x4e\x42\x48\x61\x42\x6c\x64'] = _0x536115, _0x413ecb['\x73\x6c\x4e\x42\x53\x63\x6e\x72'] = _0x2e5cf1, _0x413ecb['\x63\x62\x4e\x42\x48\x61\x4c\x75\x6d'] = _0x29b1b6, _0x511255['\x73\x69\x7a\x65\x72']['\x61\x64\x64'](_0x5bb76c['\x73\x69\x7a\x65\x72']), _0x511255['\x73\x69\x7a\x65\x72']['\x61\x64\x64'](_0x513e3d['\x73\x69\x7a\x65\x72']), _0x511255['\x73\x69\x7a\x65\x72']['\x61\x64\x64'](_0x536115['\x73\x69\x7a\x65\x72']), _0x511255['\x73\x69\x7a\x65\x72']['\x61\x64\x64'](_0x2e5cf1['\x73\x69\x7a\x65\x72']), _0x511255['\x73\x69\x7a\x65\x72']['\x61\x64\x64'](_0x29b1b6);
        var _0x29fa25 = new GroupBox(this);
        _0x29fa25['\x74\x69\x74\x6c\x65'] = '\x53\x61\x74\x75\x72\x61\x74\x69\x6f\x6e\x20\x28\x52\x47\x42\x2f\x4e\x42\x20\x6f\x6e\x6c\x79\x29', _0x29fa25['\x73\x69\x7a\x65\x72'] = new VerticalSizer(), _0x29fa25['\x73\x69\x7a\x65\x72']['\x6d\x61\x72\x67\x69\x6e'] = 0x8, _0x29fa25['\x73\x69\x7a\x65\x72']['\x73\x70\x61\x63\x69\x6e\x67'] = 0x4;
        var _0x5be268 = _0x185497('\x47\x65\x6e\x65\x72\x61\x6c\x20\x53\x61\x74\x75\x72\x61\x74\x69\x6f\x6e\x20\x20\x28\x31\x3d\x6f\x72\x69\x67\x29', 0x0, 2.5, 0.01, 0x1, function (_0x5f4993) {
            _0x413ecb['\x70']['\x73\x61\x74\x75\x72\x61\x74\x69\x6f\x6e'] = _0x5f4993;
        });
        this['\x73\x6c\x53\x61\x74'] = _0x5be268;
        var _0x25cca7 = new Label(this);
        _0x25cca7['\x74\x65\x78\x74'] = '\x53\x61\x74\x2e\x20\x4d\x61\x73\x6b\x3a', _0x25cca7['\x73\x65\x74\x46\x69\x78\x65\x64\x57\x69\x64\x74\x68'](0x46), this['\x73\x61\x74\x4d\x61\x73\x6b\x43\x6d\x62'] = new ComboBox(this), this['\x73\x61\x74\x4d\x61\x73\x6b\x43\x6d\x62']['\x61\x64\x64\x49\x74\x65\x6d']('\u2014\x20\x20\x4e\x6f\x20\x6d\x61\x73\x6b'), this['\x73\x61\x74\x4d\x61\x73\x6b\x43\x6d\x62']['\x61\x64\x64\x49\x74\x65\x6d']('\ud83c\udf0c\x20\x20\x4f\x62\x6a\x65\x63\x74\x20\x20\x28\x70\x72\x6f\x74\x65\x63\x74\x20\x62\x61\x63\x6b\x67\x72\x6f\x75\x6e\x64\x29'), this['\x73\x61\x74\x4d\x61\x73\x6b\x43\x6d\x62']['\x61\x64\x64\x49\x74\x65\x6d']('\u2b50\x20\x20\x53\x74\x61\x72\x73\x20\x20\x20\x28\x70\x72\x6f\x74\x65\x63\x74\x20\x62\x72\x69\x67\x68\x74\x20\x73\x74\x61\x72\x73\x29'), this['\x73\x61\x74\x4d\x61\x73\x6b\x43\x6d\x62']['\x63\x75\x72\x72\x65\x6e\x74\x49\x74\x65\x6d'] = 0x0, this['\x73\x61\x74\x4d\x61\x73\x6b\x43\x6d\x62']['\x6f\x6e\x49\x74\x65\x6d\x53\x65\x6c\x65\x63\x74\x65\x64'] = function (_0x275f01) {
            _0x413ecb['\x70']['\x73\x61\x74\x4d\x61\x73\x6b'] = _0x275f01, _0x413ecb['\x6e\x65\x65\x64\x73\x52\x65\x66\x72\x65\x73\x68'] = ![], _0x413ecb['\x64\x6f\x52\x65\x66\x72\x65\x73\x68']();
        }, this['\x73\x61\x74\x4d\x61\x73\x6b\x49\x6e\x76\x43\x68\x6b'] = new CheckBox(this), this['\x73\x61\x74\x4d\x61\x73\x6b\x49\x6e\x76\x43\x68\x6b']['\x74\x65\x78\x74'] = '\x49\x6e\x76\x65\x72\x74', this['\x73\x61\x74\x4d\x61\x73\x6b\x49\x6e\x76\x43\x68\x6b']['\x63\x68\x65\x63\x6b\x65\x64'] = ![], this['\x73\x61\x74\x4d\x61\x73\x6b\x49\x6e\x76\x43\x68\x6b']['\x6f\x6e\x43\x6c\x69\x63\x6b'] = function (_0x518442) {
            _0x413ecb['\x70']['\x73\x61\x74\x4d\x61\x73\x6b\x49\x6e\x76\x65\x72\x74'] = _0x518442, _0x413ecb['\x64\x6f\x52\x65\x66\x72\x65\x73\x68']();
        };
        var _0x3d888b = new HorizontalSizer();
        _0x3d888b['\x73\x70\x61\x63\x69\x6e\x67'] = 0x8, _0x3d888b['\x61\x64\x64'](_0x25cca7), _0x3d888b['\x61\x64\x64'](this['\x73\x61\x74\x4d\x61\x73\x6b\x43\x6d\x62']), _0x3d888b['\x61\x64\x64'](this['\x73\x61\x74\x4d\x61\x73\x6b\x49\x6e\x76\x43\x68\x6b']), _0x3d888b['\x61\x64\x64\x53\x74\x72\x65\x74\x63\x68']();
        var _0xe883aa = new Label(this);
        _0xe883aa['\x74\x65\x78\x74'] = '\x43\x68\x61\x6e\x6e\x65\x6c\x20\x53\x61\x74\x75\x72\x61\x74\x69\x6f\x6e\x3a';
        var _0x563447 = _0x185497('\ud83d\udd34\x20\x20\x52\x65\x64\x20\x20\x20\x28\x31\x3d\x6f\x72\x69\x67\x2c\x20\x30\x3d\x6f\x66\x66\x2c\x20\x32\x3d\x64\x6f\x75\x62\x6c\x65\x29', 0x0, 0x3, 0.01, 0x1, function (_0x2839bc) {
                _0x413ecb['\x70']['\x73\x61\x74\x52'] = _0x2839bc;
            }), _0x232b9e = _0x185497('\ud83d\udfe2\x20\x20\x47\x72\x65\x65\x6e\x20\x28\x31\x3d\x6f\x72\x69\x67\x2c\x20\x30\x3d\x6f\x66\x66\x2c\x20\x32\x3d\x64\x6f\x75\x62\x6c\x65\x29', 0x0, 0x3, 0.01, 0x1, function (_0x4cdab6) {
                _0x413ecb['\x70']['\x73\x61\x74\x47'] = _0x4cdab6;
            }), _0x401943 = _0x185497('\ud83d\udd35\x20\x20\x42\x6c\x75\x65\x20\x20\x28\x31\x3d\x6f\x72\x69\x67\x2c\x20\x30\x3d\x6f\x66\x66\x2c\x20\x32\x3d\x64\x6f\x75\x62\x6c\x65\x29', 0x0, 0x3, 0.01, 0x1, function (_0x2be762) {
                _0x413ecb['\x70']['\x73\x61\x74\x42'] = _0x2be762;
            });
        this['\x73\x6c\x53\x61\x74\x52'] = _0x563447, this['\x73\x6c\x53\x61\x74\x47'] = _0x232b9e, this['\x73\x6c\x53\x61\x74\x42'] = _0x401943, this['\x63\x62\x4d\x61\x67\x65\x6e\x74\x61'] = new CheckBox(this), this['\x63\x62\x4d\x61\x67\x65\x6e\x74\x61']['\x74\x65\x78\x74'] = '\u2726\x20\x20\x52\x65\x6d\x6f\x76\x65\x20\x4d\x61\x67\x65\x6e\x74\x61\x20\x20\x28\x62\x6f\x6f\x73\x74\x20\x67\x72\x65\x65\x6e\x20\x77\x68\x65\x72\x65\x20\x52\u2248\x42\x3e\x47\x29', this['\x63\x62\x4d\x61\x67\x65\x6e\x74\x61']['\x63\x68\x65\x63\x6b\x65\x64'] = ![], this['\x63\x62\x4d\x61\x67\x65\x6e\x74\x61']['\x6f\x6e\x43\x6c\x69\x63\x6b'] = function (_0x328b6b) {
            _0x413ecb['\x70']['\x63\x6f\x72\x72\x65\x63\x74\x4d\x61\x67\x65\x6e\x74\x61'] = _0x328b6b, _0x413ecb['\x64\x6f\x52\x65\x66\x72\x65\x73\x68']();
        }, _0x29fa25['\x73\x69\x7a\x65\x72']['\x61\x64\x64'](_0x5be268['\x73\x69\x7a\x65\x72']), _0x29fa25['\x73\x69\x7a\x65\x72']['\x61\x64\x64'](_0x3d888b), _0x29fa25['\x73\x69\x7a\x65\x72']['\x61\x64\x64\x53\x70\x61\x63\x69\x6e\x67'](0x4), _0x29fa25['\x73\x69\x7a\x65\x72']['\x61\x64\x64'](_0xe883aa), _0x29fa25['\x73\x69\x7a\x65\x72']['\x61\x64\x64'](_0x563447['\x73\x69\x7a\x65\x72']), _0x29fa25['\x73\x69\x7a\x65\x72']['\x61\x64\x64'](_0x232b9e['\x73\x69\x7a\x65\x72']), _0x29fa25['\x73\x69\x7a\x65\x72']['\x61\x64\x64'](_0x401943['\x73\x69\x7a\x65\x72']), _0x29fa25['\x73\x69\x7a\x65\x72']['\x61\x64\x64\x53\x70\x61\x63\x69\x6e\x67'](0x4), _0x29fa25['\x73\x69\x7a\x65\x72']['\x61\x64\x64'](this['\x63\x62\x4d\x61\x67\x65\x6e\x74\x61']);
        var _0x200e1a = new GroupBox(this);
        _0x200e1a['\x74\x69\x74\x6c\x65'] = '\x53\x74\x61\x72\x20\x53\x65\x70\x61\x72\x61\x74\x69\x6f\x6e', _0x200e1a['\x73\x69\x7a\x65\x72'] = new VerticalSizer(), _0x200e1a['\x73\x69\x7a\x65\x72']['\x6d\x61\x72\x67\x69\x6e'] = 0x8, _0x200e1a['\x73\x69\x7a\x65\x72']['\x73\x70\x61\x63\x69\x6e\x67'] = 0x6;
        var _0x515529 = 0x32, _0xdb9c73 = 0x3c, _0x401e01 = new Label(this);
        _0x401e01['\x74\x65\x78\x74'] = '\u26aa\x20\x20\x53\x74\x61\x72\x73\x3a\x20\x69\x6e\x74\x61\x63\x74';
        var _0x5a7534 = new PushButton(this);
        _0x5a7534['\x74\x65\x78\x74'] = '\u2605\x20\x20\x53\x65\x70\x61\x72\x61\x74\x65\x20\x53\x74\x61\x72\x73', _0x5a7534['\x74\x6f\x6f\x6c\x54\x69\x70'] = '\x52\x75\x6e\x20\x53\x74\x61\x72\x58\x54\x65\x72\x6d\x69\x6e\x61\x74\x6f\x72\x20\x6f\x6e\x20\x74\x68\x65\x20\x63\x75\x72\x72\x65\x6e\x74\x20\x77\x6f\x72\x6b\x69\x6e\x67\x20\x69\x6d\x61\x67\x65\x2e\x0a' + '\x53\x74\x61\x72\x73\x20\x61\x72\x65\x20\x73\x61\x76\x65\x64\x20\u2014\x20\x63\x6f\x6e\x74\x69\x6e\x75\x65\x20\x73\x74\x72\x65\x74\x63\x68\x69\x6e\x67\x20\x74\x68\x65\x20\x73\x74\x61\x72\x6c\x65\x73\x73\x20\x76\x65\x72\x73\x69\x6f\x6e\x2e', _0x5a7534['\x6f\x6e\x43\x6c\x69\x63\x6b'] = function () {
            if (!_0x413ecb['\x6f\x72\x69\x67\x49\x6d\x67']) {
                new MessageBox('\x4e\x6f\x20\x69\x6d\x61\x67\x65\x20\x6c\x6f\x61\x64\x65\x64\x2e', TITLE, StdIcon_Warning)['\x65\x78\x65\x63\x75\x74\x65']();
                return;
            }
            if (_0x413ecb['\x73\x74\x61\x72\x73\x53\x65\x70\x61\x72\x61\x74\x65\x64']) {
                new MessageBox('\x53\x74\x61\x72\x73\x20\x61\x6c\x72\x65\x61\x64\x79\x20\x73\x65\x70\x61\x72\x61\x74\x65\x64\x2e\x20\x52\x65\x63\x6f\x6d\x62\x69\x6e\x65\x20\x66\x69\x72\x73\x74\x2e', TITLE, StdIcon_Warning)['\x65\x78\x65\x63\x75\x74\x65']();
                return;
            }
            try {
                var _0x4e42b5 = new StarXTerminator();
            } catch (_0x3d514d) {
                new MessageBox('\x53\x74\x61\x72\x58\x54\x65\x72\x6d\x69\x6e\x61\x74\x6f\x72\x20\x69\x73\x20\x6e\x6f\x74\x20\x69\x6e\x73\x74\x61\x6c\x6c\x65\x64\x2e', TITLE, StdIcon_Error)['\x65\x78\x65\x63\x75\x74\x65']();
                return;
            }
            var _0xc33c27 = processImage(cloneImg(_0x413ecb['\x6f\x72\x69\x67\x49\x6d\x67']), _0x413ecb['\x70']), _0x4e8754 = '\x41\x73\x74\x72\x6f\x4d\x61\x78\x53\x78\x74\x54\x6d\x70', _0x2d6aff = new ImageWindow(_0xc33c27['\x77\x69\x64\x74\x68'], _0xc33c27['\x68\x65\x69\x67\x68\x74'], _0xc33c27['\x6e\x75\x6d\x62\x65\x72\x4f\x66\x43\x68\x61\x6e\x6e\x65\x6c\x73'], 0x20, !![], _0xc33c27['\x6e\x75\x6d\x62\x65\x72\x4f\x66\x43\x68\x61\x6e\x6e\x65\x6c\x73'] >= 0x3, _0x4e8754);
            _0x2d6aff['\x6d\x61\x69\x6e\x56\x69\x65\x77']['\x62\x65\x67\x69\x6e\x50\x72\x6f\x63\x65\x73\x73'](0x0);
            var _0x5e075d = new Rect(0x0, 0x0, _0xc33c27['\x77\x69\x64\x74\x68'], _0xc33c27['\x68\x65\x69\x67\x68\x74']);
            for (var _0x57c9a5 = 0x0; _0x57c9a5 < _0xc33c27['\x6e\x75\x6d\x62\x65\x72\x4f\x66\x43\x68\x61\x6e\x6e\x65\x6c\x73']; _0x57c9a5++) {
                var _0x116bf7 = new Float32Array(_0xc33c27['\x77\x69\x64\x74\x68'] * _0xc33c27['\x68\x65\x69\x67\x68\x74']);
                _0xc33c27['\x67\x65\x74\x53\x61\x6d\x70\x6c\x65\x73'](_0x116bf7, _0x5e075d, _0x57c9a5), _0x2d6aff['\x6d\x61\x69\x6e\x56\x69\x65\x77']['\x69\x6d\x61\x67\x65']['\x73\x65\x74\x53\x61\x6d\x70\x6c\x65\x73'](_0x116bf7, _0x5e075d, _0x57c9a5);
            }
            _0x2d6aff['\x6d\x61\x69\x6e\x56\x69\x65\x77']['\x65\x6e\x64\x50\x72\x6f\x63\x65\x73\x73'](), _0x2d6aff['\x73\x68\x6f\x77']();
            var _0x2cd02e = cloneImg(_0x2d6aff['\x6d\x61\x69\x6e\x56\x69\x65\x77']['\x69\x6d\x61\x67\x65']), _0x48a3e4 = new StarXTerminator(), _0x44adc3 = ![];
            try {
                _0x44adc3 = _0x48a3e4['\x65\x78\x65\x63\x75\x74\x65\x4f\x6e'](_0x2d6aff['\x6d\x61\x69\x6e\x56\x69\x65\x77']);
            } catch (_0x138609) {
                _0x44adc3 = ![];
            }
            if (!_0x44adc3) {
                _0x2d6aff['\x66\x6f\x72\x63\x65\x43\x6c\x6f\x73\x65'](), new MessageBox('\x53\x74\x61\x72\x58\x54\x65\x72\x6d\x69\x6e\x61\x74\x6f\x72\x20\x66\x61\x69\x6c\x65\x64\x2e\x0a\x4f\x70\x65\x6e\x20\x69\x74\x20\x6d\x61\x6e\x75\x61\x6c\x6c\x79\x20\x6f\x6e\x63\x65\x20\x74\x6f\x20\x73\x65\x74\x20\x74\x68\x65\x20\x41\x49\x20\x6d\x6f\x64\x65\x6c\x2e', TITLE, StdIcon_Error)['\x65\x78\x65\x63\x75\x74\x65']();
                return;
            }
            var _0x8ace5f = cloneImg(_0x2d6aff['\x6d\x61\x69\x6e\x56\x69\x65\x77']['\x69\x6d\x61\x67\x65']);
            _0x413ecb['\x6f\x72\x69\x67\x49\x6d\x67'] = _0x8ace5f, _0x413ecb['\x70\x72\x65\x76\x69\x65\x77\x49\x6d\x67'] = scaleImage(_0x8ace5f, _0x413ecb['\x70\x72\x65\x76\x69\x65\x77\x53\x63\x61\x6c\x65']), _0x413ecb['\x72\x61\x77\x4f\x72\x69\x67\x49\x6d\x67'] = cloneImg(_0x8ace5f), _0x413ecb['\x72\x61\x77\x50\x72\x65\x76\x69\x65\x77\x49\x6d\x67'] = scaleImage(_0x8ace5f, _0x413ecb['\x70\x72\x65\x76\x69\x65\x77\x53\x63\x61\x6c\x65']), _0x413ecb['\x6c\x61\x73\x74\x4c\x69\x6e\x65\x61\x72\x46\x69\x74\x4e\x42'] = null, _0x2d6aff['\x66\x6f\x72\x63\x65\x43\x6c\x6f\x73\x65']();
            var _0x431837 = cloneImg(_0x2cd02e), _0x906239 = _0x2cd02e['\x77\x69\x64\x74\x68'] * _0x2cd02e['\x68\x65\x69\x67\x68\x74'], _0x5ac95f = new Rect(0x0, 0x0, _0x2cd02e['\x77\x69\x64\x74\x68'], _0x2cd02e['\x68\x65\x69\x67\x68\x74']);
            for (var _0x7ceb1c = 0x0; _0x7ceb1c < _0x2cd02e['\x6e\x75\x6d\x62\x65\x72\x4f\x66\x43\x68\x61\x6e\x6e\x65\x6c\x73']; _0x7ceb1c++) {
                var _0x29e178 = new Float32Array(_0x906239), _0x2ed0c0 = new Float32Array(_0x906239);
                _0x2cd02e['\x67\x65\x74\x53\x61\x6d\x70\x6c\x65\x73'](_0x29e178, _0x5ac95f, _0x7ceb1c), _0x8ace5f['\x67\x65\x74\x53\x61\x6d\x70\x6c\x65\x73'](_0x2ed0c0, _0x5ac95f, _0x7ceb1c);
                for (var _0x5b9007 = 0x0; _0x5b9007 < _0x906239; _0x5b9007++) {
                    var _0x36d190 = _0x29e178[_0x5b9007] - _0x2ed0c0[_0x5b9007];
                    _0x29e178[_0x5b9007] = _0x36d190 > 0x0 ? _0x36d190 : 0x0;
                }
                _0x431837['\x73\x65\x74\x53\x61\x6d\x70\x6c\x65\x73'](_0x29e178, _0x5ac95f, _0x7ceb1c);
            }
            _0x413ecb['\x73\x74\x61\x72\x73\x49\x6d\x67'] = _0x431837, _0x413ecb['\x73\x74\x61\x72\x73\x50\x72\x65\x76\x69\x65\x77\x49\x6d\x67'] = scaleImage(_0x431837, _0x413ecb['\x70\x72\x65\x76\x69\x65\x77\x53\x63\x61\x6c\x65']);
            var _0xb749d1 = '\x41\x73\x74\x72\x6f\x4d\x61\x78\x5f\x53\x74\x61\x72\x73', _0x58cacc = new ImageWindow(_0x431837['\x77\x69\x64\x74\x68'], _0x431837['\x68\x65\x69\x67\x68\x74'], _0x431837['\x6e\x75\x6d\x62\x65\x72\x4f\x66\x43\x68\x61\x6e\x6e\x65\x6c\x73'], 0x20, !![], _0x431837['\x6e\x75\x6d\x62\x65\x72\x4f\x66\x43\x68\x61\x6e\x6e\x65\x6c\x73'] >= 0x3, _0xb749d1);
            _0x58cacc['\x6d\x61\x69\x6e\x56\x69\x65\x77']['\x62\x65\x67\x69\x6e\x50\x72\x6f\x63\x65\x73\x73'](0x0);
            for (var _0x538c60 = 0x0; _0x538c60 < _0x431837['\x6e\x75\x6d\x62\x65\x72\x4f\x66\x43\x68\x61\x6e\x6e\x65\x6c\x73']; _0x538c60++) {
                var _0x5b4aa7 = new Float32Array(_0x906239);
                _0x431837['\x67\x65\x74\x53\x61\x6d\x70\x6c\x65\x73'](_0x5b4aa7, _0x5ac95f, _0x538c60), _0x58cacc['\x6d\x61\x69\x6e\x56\x69\x65\x77']['\x69\x6d\x61\x67\x65']['\x73\x65\x74\x53\x61\x6d\x70\x6c\x65\x73'](_0x5b4aa7, _0x5ac95f, _0x538c60);
            }
            _0x58cacc['\x6d\x61\x69\x6e\x56\x69\x65\x77']['\x65\x6e\x64\x50\x72\x6f\x63\x65\x73\x73'](), _0x58cacc['\x73\x68\x6f\x77'](), _0x413ecb['\x73\x74\x61\x72\x73\x57\x69\x6e'] = _0x58cacc, _0x413ecb['\x73\x74\x61\x72\x73\x53\x65\x70\x61\x72\x61\x74\x65\x64'] = !![], _0x413ecb['\x70\x72\x65\x76\x69\x65\x77\x57\x69\x74\x68\x53\x74\x61\x72\x73'] = ![];
            var _0x267de3 = _0x413ecb['\x70']['\x6e\x62\x50\x61\x6c\x65\x74\x74\x65'], _0x1c0005 = _0x413ecb['\x70']['\x63\x6f\x6d\x70\x6f\x73\x65\x4d\x6f\x64\x65'];
            _0x413ecb['\x70'] = defaultParams(), _0x413ecb['\x70']['\x6e\x62\x50\x61\x6c\x65\x74\x74\x65'] = _0x267de3, _0x413ecb['\x70']['\x63\x6f\x6d\x70\x6f\x73\x65\x4d\x6f\x64\x65'] = _0x1c0005, _0x413ecb['\x72\x65\x73\x65\x74\x41\x6c\x6c\x43\x6f\x6e\x74\x72\x6f\x6c\x73']();
            if (_0x413ecb['\x63\x6c\x65\x61\x72\x48\x69\x73\x74\x6f\x72\x79'])
                _0x413ecb['\x63\x6c\x65\x61\x72\x48\x69\x73\x74\x6f\x72\x79']();
            _0x413ecb['\x64\x6f\x52\x65\x66\x72\x65\x73\x68'](), _0x413ecb['\x73\x65\x74\x43\x6f\x6d\x70\x61\x72\x65\x42\x61\x73\x65\x6c\x69\x6e\x65'](), _0x401e01['\x74\x65\x78\x74'] = '\ud83d\udfe2\x20\x20\x53\x74\x61\x72\x73\x3a\x20' + _0xb749d1 + '\x20\u2014\x20\x61\x64\x6a\x75\x73\x74\x20\x73\x6c\x69\x64\x65\x72\x73\x2c\x20\x74\x68\x65\x6e\x20\x52\x65\x63\x6f\x6d\x62\x69\x6e\x65', _0x5a7534['\x65\x6e\x61\x62\x6c\x65\x64'] = ![], _0x2d36cb['\x65\x6e\x61\x62\x6c\x65\x64'] = !![], _0x19bb88['\x65\x6e\x61\x62\x6c\x65\x64'] = !![];
        };
        var _0x2d36cb = new CheckBox(this);
        _0x2d36cb['\x74\x65\x78\x74'] = '\x50\x72\x65\x76\x69\x65\x77\x20\x77\x69\x74\x68\x20\x53\x74\x61\x72\x73', _0x2d36cb['\x63\x68\x65\x63\x6b\x65\x64'] = ![], _0x2d36cb['\x65\x6e\x61\x62\x6c\x65\x64'] = ![], _0x2d36cb['\x74\x6f\x6f\x6c\x54\x69\x70'] = '\x42\x6c\x65\x6e\x64\x20\x73\x74\x61\x72\x73\x20\x69\x6e\x74\x6f\x20\x74\x68\x65\x20\x70\x72\x65\x76\x69\x65\x77\x20\x63\x61\x6e\x76\x61\x73\x20\x73\x6f\x20\x79\x6f\x75\x20\x63\x61\x6e\x20\x6a\x75\x64\x67\x65\x20\x74\x68\x65\x20\x72\x65\x73\x75\x6c\x74\x0a' + '\x62\x65\x66\x6f\x72\x65\x20\x63\x72\x65\x61\x74\x69\x6e\x67\x20\x74\x68\x65\x20\x66\x69\x6e\x61\x6c\x20\x69\x6d\x61\x67\x65\x2e', _0x2d36cb['\x6f\x6e\x43\x68\x65\x63\x6b'] = function (_0x3ea933) {
            _0x413ecb['\x70\x72\x65\x76\x69\x65\x77\x57\x69\x74\x68\x53\x74\x61\x72\x73'] = _0x3ea933, _0x413ecb['\x64\x6f\x52\x65\x66\x72\x65\x73\x68']();
        };
        var _0x3b749e = _0x185497('\x53\x74\x61\x72\x73\x20\x41\x6d\x6f\x75\x6e\x74', 0x0, 0x64, 0.5, 0x32, function (_0x477b28) {
            _0x515529 = _0x477b28;
            if (_0x413ecb['\x70\x72\x65\x76\x69\x65\x77\x57\x69\x74\x68\x53\x74\x61\x72\x73'])
                _0x413ecb['\x64\x6f\x52\x65\x66\x72\x65\x73\x68']();
        });
        _0x3b749e['\x73\x69\x7a\x65\x72']['\x74\x6f\x6f\x6c\x54\x69\x70'] = '\x53\x74\x61\x72\x20\x4d\x54\x46\x20\x62\x6c\x65\x6e\x64\x20\x28\x73\x61\x6d\x65\x20\x61\x73\x20\x41\x73\x74\x72\x6f\x4d\x61\x78\x43\x6c\x61\x72\x69\x74\x79\x29\x2e\x0a' + '\x35\x30\x20\x3d\x20\x73\x74\x61\x72\x73\x20\x65\x78\x61\x63\x74\x6c\x79\x20\x61\x73\x20\x63\x61\x70\x74\x75\x72\x65\x64\x2e\x0a' + '\x3e\x35\x30\x20\x3d\x20\x62\x72\x69\x67\x68\x74\x65\x72\x20\x2f\x20\x6d\x6f\x72\x65\x20\x66\x61\x69\x6e\x74\x20\x73\x74\x61\x72\x73\x20\x76\x69\x73\x69\x62\x6c\x65\x2e\x0a' + '\x3c\x35\x30\x20\x3d\x20\x73\x74\x61\x72\x73\x20\x66\x61\x64\x65\x20\x73\x6d\x6f\x6f\x74\x68\x6c\x79\x20\x28\x6e\x6f\x20\x68\x61\x6c\x6f\x2c\x20\x6e\x6f\x20\x63\x6c\x69\x70\x29\x2e\x0a' + '\x30\x20\x20\x20\x3d\x20\x73\x74\x61\x72\x73\x20\x69\x6e\x76\x69\x73\x69\x62\x6c\x65\x2e';
        var _0x36c2b6 = _0x185497('\x53\x74\x61\x72\x73\x20\x53\x61\x74\x75\x72\x61\x74\x69\x6f\x6e', -0x64, 0x64, 0x1, 0x3c, function (_0x501118) {
            _0xdb9c73 = _0x501118;
            if (_0x413ecb['\x70\x72\x65\x76\x69\x65\x77\x57\x69\x74\x68\x53\x74\x61\x72\x73'])
                _0x413ecb['\x64\x6f\x52\x65\x66\x72\x65\x73\x68']();
        });
        _0x36c2b6['\x73\x69\x7a\x65\x72']['\x74\x6f\x6f\x6c\x54\x69\x70'] = '\x53\x74\x61\x72\x20\x63\x6f\x6c\x6f\x75\x72\x20\x73\x61\x74\x75\x72\x61\x74\x69\x6f\x6e\x2e\x0a\x30\x20\x3d\x20\x75\x6e\x63\x68\x61\x6e\x67\x65\x64\x2e\x20\x2b\x31\x30\x30\x20\x3d\x20\x64\x6f\x75\x62\x6c\x65\x2e\x20\u2212\x31\x30\x30\x20\x3d\x20\x6d\x6f\x6e\x6f\x2e';
        var _0x19bb88 = new PushButton(this);
        _0x19bb88['\x74\x65\x78\x74'] = '\u267b\x20\x20\x52\x65\x63\x6f\x6d\x62\x69\x6e\x65\x20\x26\x20\x43\x72\x65\x61\x74\x65', _0x19bb88['\x65\x6e\x61\x62\x6c\x65\x64'] = ![], _0x19bb88['\x74\x6f\x6f\x6c\x54\x69\x70'] = '\x41\x70\x70\x6c\x79\x20\x63\x75\x72\x72\x65\x6e\x74\x20\x73\x6c\x69\x64\x65\x72\x20\x73\x65\x74\x74\x69\x6e\x67\x73\x20\x61\x6e\x64\x20\x63\x72\x65\x61\x74\x65\x20\x74\x68\x65\x20\x66\x69\x6e\x61\x6c\x20\x72\x65\x63\x6f\x6d\x62\x69\x6e\x65\x64\x20\x69\x6d\x61\x67\x65\x2e', _0x19bb88['\x6f\x6e\x43\x6c\x69\x63\x6b'] = function () {
            if (!_0x413ecb['\x6f\x72\x69\x67\x49\x6d\x67'] || !_0x413ecb['\x73\x74\x61\x72\x73\x49\x6d\x67']) {
                new MessageBox('\x53\x74\x61\x72\x73\x20\x64\x61\x74\x61\x20\x69\x73\x20\x6e\x6f\x20\x6c\x6f\x6e\x67\x65\x72\x20\x61\x76\x61\x69\x6c\x61\x62\x6c\x65\x2e', TITLE, StdIcon_Warning)['\x65\x78\x65\x63\x75\x74\x65']();
                return;
            }
            var _0x3deb9a = processImage(cloneImg(_0x413ecb['\x6f\x72\x69\x67\x49\x6d\x67']), _0x413ecb['\x70']);
            blendStarsIntoImg(_0x3deb9a, _0x413ecb['\x73\x74\x61\x72\x73\x49\x6d\x67'], _0x515529, _0xdb9c73);
            var _0x5ebcd4 = new Date()['\x67\x65\x74\x54\x69\x6d\x65'](), _0x86aa2 = '\x41\x73\x74\x72\x6f\x4d\x61\x78\x52\x65\x63\x6f\x6d\x62\x69\x6e\x65\x64\x5f' + _0x5ebcd4['\x74\x6f\x53\x74\x72\x69\x6e\x67']()['\x73\x6c\x69\x63\x65'](-0x6), _0x4d6bb2 = new ImageWindow(_0x3deb9a['\x77\x69\x64\x74\x68'], _0x3deb9a['\x68\x65\x69\x67\x68\x74'], _0x3deb9a['\x6e\x75\x6d\x62\x65\x72\x4f\x66\x43\x68\x61\x6e\x6e\x65\x6c\x73'], 0x20, !![], _0x3deb9a['\x6e\x75\x6d\x62\x65\x72\x4f\x66\x43\x68\x61\x6e\x6e\x65\x6c\x73'] >= 0x3, _0x86aa2);
            _0x4d6bb2['\x6d\x61\x69\x6e\x56\x69\x65\x77']['\x62\x65\x67\x69\x6e\x50\x72\x6f\x63\x65\x73\x73'](0x0);
            var _0x2f9a4b = new Rect(0x0, 0x0, _0x3deb9a['\x77\x69\x64\x74\x68'], _0x3deb9a['\x68\x65\x69\x67\x68\x74']);
            for (var _0x41adc2 = 0x0; _0x41adc2 < _0x3deb9a['\x6e\x75\x6d\x62\x65\x72\x4f\x66\x43\x68\x61\x6e\x6e\x65\x6c\x73']; _0x41adc2++) {
                var _0x3af7d5 = new Float32Array(_0x3deb9a['\x77\x69\x64\x74\x68'] * _0x3deb9a['\x68\x65\x69\x67\x68\x74']);
                _0x3deb9a['\x67\x65\x74\x53\x61\x6d\x70\x6c\x65\x73'](_0x3af7d5, _0x2f9a4b, _0x41adc2), _0x4d6bb2['\x6d\x61\x69\x6e\x56\x69\x65\x77']['\x69\x6d\x61\x67\x65']['\x73\x65\x74\x53\x61\x6d\x70\x6c\x65\x73'](_0x3af7d5, _0x2f9a4b, _0x41adc2);
            }
            _0x4d6bb2['\x6d\x61\x69\x6e\x56\x69\x65\x77']['\x65\x6e\x64\x50\x72\x6f\x63\x65\x73\x73'](), _0x4d6bb2['\x73\x68\x6f\x77'](), _0x401e01['\x74\x65\x78\x74'] = '\ud83d\udfe2\x20\x20\x53\x74\x61\x72\x73\x20\x72\x65\x61\x64\x79\x20\u2014\x20\x63\x72\x65\x61\x74\x65\x64\x3a\x20' + _0x86aa2, new MessageBox('\u2705\x20\x20\x49\x6d\x61\x67\x65\x20\x63\x72\x65\x61\x74\x65\x64\x3a\x20' + _0x86aa2 + '\x0a\x0a\x53\x74\x61\x72\x73\x20\x61\x72\x65\x20\x73\x74\x69\x6c\x6c\x20\x61\x63\x74\x69\x76\x65\x20\u2014\x20\x61\x64\x6a\x75\x73\x74\x20\x73\x6c\x69\x64\x65\x72\x73\x20\x61\x6e\x64\x20\x63\x6c\x69\x63\x6b\x0a' + '\x52\x65\x63\x6f\x6d\x62\x69\x6e\x65\x20\x26\x20\x43\x72\x65\x61\x74\x65\x20\x61\x67\x61\x69\x6e\x20\x74\x6f\x20\x6d\x61\x6b\x65\x20\x61\x6e\x6f\x74\x68\x65\x72\x20\x76\x65\x72\x73\x69\x6f\x6e\x2e', TITLE, StdIcon_Information)['\x65\x78\x65\x63\x75\x74\x65']();
        }, _0x200e1a['\x73\x69\x7a\x65\x72']['\x61\x64\x64'](_0x401e01), _0x200e1a['\x73\x69\x7a\x65\x72']['\x61\x64\x64'](_0x5a7534), _0x200e1a['\x73\x69\x7a\x65\x72']['\x61\x64\x64\x53\x70\x61\x63\x69\x6e\x67'](0x4), _0x200e1a['\x73\x69\x7a\x65\x72']['\x61\x64\x64'](_0x2d36cb), _0x200e1a['\x73\x69\x7a\x65\x72']['\x61\x64\x64'](_0x3b749e['\x73\x69\x7a\x65\x72']), _0x200e1a['\x73\x69\x7a\x65\x72']['\x61\x64\x64'](_0x36c2b6['\x73\x69\x7a\x65\x72']), _0x200e1a['\x73\x69\x7a\x65\x72']['\x61\x64\x64'](_0x19bb88), this['\x62\x74\x6e\x52\x65\x73\x65\x74'] = new PushButton(this), this['\x62\x74\x6e\x52\x65\x73\x65\x74']['\x74\x65\x78\x74'] = '\u21ba\x20\x20\x52\x65\x73\x65\x74', this['\x62\x74\x6e\x52\x65\x73\x65\x74']['\x6f\x6e\x43\x6c\x69\x63\x6b'] = function () {
            var _0x448350 = _0x413ecb['\x70']['\x63\x6f\x6d\x70\x6f\x73\x65\x4d\x6f\x64\x65'], _0x33e927 = _0x413ecb['\x70']['\x6e\x62\x50\x61\x6c\x65\x74\x74\x65'];
            _0x413ecb['\x70'] = defaultParams(), _0x413ecb['\x70']['\x63\x6f\x6d\x70\x6f\x73\x65\x4d\x6f\x64\x65'] = _0x448350, _0x413ecb['\x70']['\x6e\x62\x50\x61\x6c\x65\x74\x74\x65'] = _0x33e927, _0x413ecb['\x72\x65\x73\x65\x74\x41\x6c\x6c\x43\x6f\x6e\x74\x72\x6f\x6c\x73'](), _0x413ecb['\x64\x6f\x52\x65\x66\x72\x65\x73\x68']();
        }, this['\x62\x74\x6e\x42\x61\x63\x6b'] = new PushButton(this), this['\x62\x74\x6e\x42\x61\x63\x6b']['\x74\x65\x78\x74'] = '\u21b6\x20\x20\x42\x61\x63\x6b', this['\x62\x74\x6e\x42\x61\x63\x6b']['\x74\x6f\x6f\x6c\x54\x69\x70'] = '\x53\x74\x65\x70\x20\x62\x61\x63\x6b\x20\x6f\x6e\x65\x20\x61\x64\x6a\x75\x73\x74\x6d\x65\x6e\x74\x20\x28\x75\x6e\x64\x6f\x29\x2e\x20\x43\x6c\x69\x63\x6b\x20\x61\x67\x61\x69\x6e\x20\x74\x6f\x20\x67\x6f\x20\x66\x75\x72\x74\x68\x65\x72\x20\x62\x61\x63\x6b\x2e', this['\x62\x74\x6e\x42\x61\x63\x6b']['\x65\x6e\x61\x62\x6c\x65\x64'] = ![], this['\x62\x74\x6e\x42\x61\x63\x6b']['\x6f\x6e\x43\x6c\x69\x63\x6b'] = function () {
            _0x413ecb['\x73\x74\x65\x70\x42\x61\x63\x6b']();
        }, this['\x62\x74\x6e\x42\x41'] = new PushButton(this), this['\x62\x74\x6e\x42\x41']['\x74\x65\x78\x74'] = '\u21c4\x20\x42\x65\x66\x6f\x72\x65\x2f\x41\x66\x74\x65\x72', this['\x62\x74\x6e\x42\x41']['\x74\x6f\x6f\x6c\x54\x69\x70'] = '\x42\x6c\x69\x6e\x6b\x20\x63\x6f\x6d\x70\x61\x72\x61\x74\x6f\x72\x3a\x20\x63\x6c\x69\x63\x6b\x20\x74\x6f\x20\x66\x6c\x69\x70\x20\x62\x65\x74\x77\x65\x65\x6e\x20\x42\x45\x46\x4f\x52\x45\x20\x28\x6f\x6e\x65\x20\x73\x74\x65\x70\x20\x62\x61\x63\x6b\x29\x0a\x61\x6e\x64\x20\x41\x46\x54\x45\x52\x20\x28\x63\x75\x72\x72\x65\x6e\x74\x29\x2e\x20\x41\x6e\x79\x20\x6e\x65\x77\x20\x61\x64\x6a\x75\x73\x74\x6d\x65\x6e\x74\x20\x65\x78\x69\x74\x73\x20\x63\x6f\x6d\x70\x61\x72\x65\x20\x6d\x6f\x64\x65\x2e', this['\x62\x74\x6e\x42\x41']['\x65\x6e\x61\x62\x6c\x65\x64'] = ![], this['\x62\x74\x6e\x42\x41']['\x6f\x6e\x43\x6c\x69\x63\x6b'] = function () {
            _0x413ecb['\x74\x6f\x67\x67\x6c\x65\x42\x65\x66\x6f\x72\x65\x41\x66\x74\x65\x72']();
        }, this['\x62\x74\x6e\x41\x70\x70\x6c\x79'] = new PushButton(this), this['\x62\x74\x6e\x41\x70\x70\x6c\x79']['\x74\x65\x78\x74'] = '\u2714\x20\x20\x41\x70\x70\x6c\x79\x20\x26\x20\x43\x6f\x6e\x74\x69\x6e\x75\x65', this['\x62\x74\x6e\x41\x70\x70\x6c\x79']['\x6f\x6e\x43\x6c\x69\x63\x6b'] = function () {
            if (!_0x413ecb['\x6f\x72\x69\x67\x49\x6d\x67'])
                return;
            _0x413ecb['\x70\x75\x73\x68\x42\x61\x6b\x65\x52\x65\x73\x74\x6f\x72\x65']();
            var _0x30b062 = _0x413ecb['\x72\x61\x77\x4f\x72\x69\x67\x49\x6d\x67'] || _0x413ecb['\x6f\x72\x69\x67\x49\x6d\x67'], _0x3f2292 = cloneImg(_0x30b062);
            if (_0x413ecb['\x6c\x61\x73\x74\x4c\x69\x6e\x65\x61\x72\x46\x69\x74\x4e\x42'])
                applyStoredLinFit(_0x3f2292, _0x413ecb['\x6c\x61\x73\x74\x4c\x69\x6e\x65\x61\x72\x46\x69\x74\x4e\x42']);
            _0x413ecb['\x6f\x72\x69\x67\x49\x6d\x67'] = processImage(_0x3f2292, _0x413ecb['\x70']), _0x413ecb['\x70\x72\x65\x76\x69\x65\x77\x49\x6d\x67'] = scaleImage(_0x413ecb['\x6f\x72\x69\x67\x49\x6d\x67'], _0x413ecb['\x70\x72\x65\x76\x69\x65\x77\x53\x63\x61\x6c\x65']), _0x413ecb['\x72\x61\x77\x4f\x72\x69\x67\x49\x6d\x67'] = cloneImg(_0x413ecb['\x6f\x72\x69\x67\x49\x6d\x67']), _0x413ecb['\x72\x61\x77\x50\x72\x65\x76\x69\x65\x77\x49\x6d\x67'] = cloneImg(_0x413ecb['\x70\x72\x65\x76\x69\x65\x77\x49\x6d\x67']), _0x413ecb['\x6c\x61\x73\x74\x4c\x69\x6e\x65\x61\x72\x46\x69\x74\x4e\x42'] = null;
            var _0x18aa82 = _0x413ecb['\x70']['\x63\x6f\x6d\x70\x6f\x73\x65\x4d\x6f\x64\x65'], _0x2f5448 = _0x413ecb['\x70']['\x6e\x62\x50\x61\x6c\x65\x74\x74\x65'], _0xa631a3 = _0x413ecb['\x70']['\x62\x67\x4c\x6f\x63\x6b'], _0x1e512a = _0x413ecb['\x70']['\x62\x67\x54\x61\x72\x67\x65\x74'];
            _0x413ecb['\x70'] = defaultParams(), _0x413ecb['\x70']['\x63\x6f\x6d\x70\x6f\x73\x65\x4d\x6f\x64\x65'] = _0x18aa82, _0x413ecb['\x70']['\x6e\x62\x50\x61\x6c\x65\x74\x74\x65'] = _0x2f5448;
            _0xa631a3 && (_0x413ecb['\x70']['\x62\x67\x4c\x6f\x63\x6b'] = !![], _0x413ecb['\x70']['\x62\x67\x54\x61\x72\x67\x65\x74'] = _0x1e512a, _0x413ecb['\x70']['\x62\x67\x44\x65\x74\x65\x63\x74\x65\x64'] = detectBackground(_0x413ecb['\x70\x72\x65\x76\x69\x65\x77\x49\x6d\x67']));
            _0x413ecb['\x72\x65\x73\x65\x74\x41\x6c\x6c\x43\x6f\x6e\x74\x72\x6f\x6c\x73'](), _0x413ecb['\x72\x65\x73\x74\x6f\x72\x69\x6e\x67\x53\x74\x61\x74\x65'] = !![], _0x413ecb['\x64\x6f\x52\x65\x66\x72\x65\x73\x68'](), _0x413ecb['\x72\x65\x73\x74\x6f\x72\x69\x6e\x67\x53\x74\x61\x74\x65'] = ![], _0x413ecb['\x73\x65\x74\x43\x6f\x6d\x70\x61\x72\x65\x42\x61\x73\x65\x6c\x69\x6e\x65']();
            if (_0x413ecb['\x75\x70\x64\x61\x74\x65\x42\x61\x63\x6b\x42\x74\x6e'])
                _0x413ecb['\x75\x70\x64\x61\x74\x65\x42\x61\x63\x6b\x42\x74\x6e']();
        }, this['\x62\x74\x6e\x43\x72\x65\x61\x74\x65'] = new PushButton(this), this['\x62\x74\x6e\x43\x72\x65\x61\x74\x65']['\x74\x65\x78\x74'] = '\ud83d\uddbc\x20\x20\x43\x72\x65\x61\x74\x65', this['\x62\x74\x6e\x43\x72\x65\x61\x74\x65']['\x6f\x6e\x43\x6c\x69\x63\x6b'] = function () {
            if (!_0x413ecb['\x6f\x72\x69\x67\x49\x6d\x67'])
                return;
            var _0x32fcf0 = _0x413ecb['\x72\x61\x77\x4f\x72\x69\x67\x49\x6d\x67'] || _0x413ecb['\x6f\x72\x69\x67\x49\x6d\x67'], _0x22e23b = cloneImg(_0x32fcf0);
            if (_0x413ecb['\x6c\x61\x73\x74\x4c\x69\x6e\x65\x61\x72\x46\x69\x74\x4e\x42'])
                applyStoredLinFit(_0x22e23b, _0x413ecb['\x6c\x61\x73\x74\x4c\x69\x6e\x65\x61\x72\x46\x69\x74\x4e\x42']);
            _0x22e23b = processImage(_0x22e23b, _0x413ecb['\x70']);
            var _0xa77be0 = _0x22e23b['\x6e\x75\x6d\x62\x65\x72\x4f\x66\x43\x68\x61\x6e\x6e\x65\x6c\x73'] >= 0x3, _0x4b775b = new ImageWindow(_0x22e23b['\x77\x69\x64\x74\x68'], _0x22e23b['\x68\x65\x69\x67\x68\x74'], _0x22e23b['\x6e\x75\x6d\x62\x65\x72\x4f\x66\x43\x68\x61\x6e\x6e\x65\x6c\x73'], 0x20, !![], _0xa77be0, '\x41\x73\x74\x72\x6f\x4d\x61\x78\x52\x65\x73\x75\x6c\x74');
            _0x4b775b['\x6d\x61\x69\x6e\x56\x69\x65\x77']['\x62\x65\x67\x69\x6e\x50\x72\x6f\x63\x65\x73\x73'](0x0);
            var _0x127dd1 = _0x22e23b['\x77\x69\x64\x74\x68'] * _0x22e23b['\x68\x65\x69\x67\x68\x74'], _0x56e651 = new Rect(0x0, 0x0, _0x22e23b['\x77\x69\x64\x74\x68'], _0x22e23b['\x68\x65\x69\x67\x68\x74']);
            for (var _0x218cd9 = 0x0; _0x218cd9 < _0x22e23b['\x6e\x75\x6d\x62\x65\x72\x4f\x66\x43\x68\x61\x6e\x6e\x65\x6c\x73']; _0x218cd9++) {
                var _0xeef22f = new Float32Array(_0x127dd1);
                _0x22e23b['\x67\x65\x74\x53\x61\x6d\x70\x6c\x65\x73'](_0xeef22f, _0x56e651, _0x218cd9), _0x4b775b['\x6d\x61\x69\x6e\x56\x69\x65\x77']['\x69\x6d\x61\x67\x65']['\x73\x65\x74\x53\x61\x6d\x70\x6c\x65\x73'](_0xeef22f, _0x56e651, _0x218cd9);
            }
            _0x4b775b['\x6d\x61\x69\x6e\x56\x69\x65\x77']['\x65\x6e\x64\x50\x72\x6f\x63\x65\x73\x73'](), _0x4b775b['\x73\x68\x6f\x77']();
        }, this['\x62\x74\x6e\x43\x6c\x6f\x73\x65'] = new PushButton(this), this['\x62\x74\x6e\x43\x6c\x6f\x73\x65']['\x74\x65\x78\x74'] = '\u2715\x20\x20\x43\x6c\x6f\x73\x65', this['\x62\x74\x6e\x43\x6c\x6f\x73\x65']['\x6f\x6e\x43\x6c\x69\x63\x6b'] = function () {
            if (_0x413ecb['\x63\x6f\x6d\x70\x6f\x73\x65\x64\x57\x69\x6e'] && !_0x413ecb['\x63\x6f\x6d\x70\x6f\x73\x65\x64\x57\x69\x6e']['\x69\x73\x4e\x75\x6c\x6c']) {
                try {
                    _0x413ecb['\x63\x6f\x6d\x70\x6f\x73\x65\x64\x57\x69\x6e']['\x66\x6f\x72\x63\x65\x43\x6c\x6f\x73\x65']();
                } catch (_0x2c0739) {
                }
                _0x413ecb['\x63\x6f\x6d\x70\x6f\x73\x65\x64\x57\x69\x6e'] = null;
            }
            _0x413ecb['\x63\x61\x6e\x63\x65\x6c']();
        }, this['\x62\x74\x6e\x4c\x69\x63\x65\x6e\x73\x65'] = new PushButton(this), this['\x62\x74\x6e\x4c\x69\x63\x65\x6e\x73\x65']['\x74\x65\x78\x74'] = '\ud83d\udd11\x20\x20\x4c\x69\x63\x65\x6e\x73\x65', this['\x62\x74\x6e\x4c\x69\x63\x65\x6e\x73\x65']['\x74\x6f\x6f\x6c\x54\x69\x70'] = '\x53\x68\x6f\x77\x20\x79\x6f\x75\x72\x20\x48\x57\x49\x44\x20\x61\x6e\x64\x20\x61\x63\x74\x69\x76\x61\x74\x65\x20\x6c\x69\x63\x65\x6e\x73\x65', this['\x62\x74\x6e\x4c\x69\x63\x65\x6e\x73\x65']['\x6f\x6e\x43\x6c\x69\x63\x6b'] = function () {
            licShowActivationDialog();
        }, this['\x62\x74\x6e\x55\x70\x64\x61\x74\x65'] = new PushButton(this), this['\x62\x74\x6e\x55\x70\x64\x61\x74\x65']['\x74\x65\x78\x74'] = '\x43\x68\x65\x63\x6b\x20\x66\x6f\x72\x20\x75\x70\x64\x61\x74\x65\x73', this['\x62\x74\x6e\x55\x70\x64\x61\x74\x65']['\x6f\x6e\x43\x6c\x69\x63\x6b'] = function () {
            amxCheckUpdate('\x41\x73\x74\x72\x6f\x4d\x61\x78\x20\x45\x61\x73\x79\x53\x74\x72\x65\x74\x63\x68\x20\x4d\x6f\x6e\x6f\x2f\x4e\x42', '\x41\x73\x74\x72\x6f\x48\x6f\x70\x70\x65\x72\x35\x33\x2f\x56\x38\x2d\x4a\x61\x76\x61\x53\x63\x72\x69\x70\x74\x2d\x52\x75\x6e\x74\x69\x6d\x65\x2d\x45\x61\x73\x79\x53\x74\x72\x65\x74\x63\x68\x2d\x4d\x4f\x4e\x4f', VERSION);
        };
        var _0x533dd8 = new HorizontalSizer();
        _0x533dd8['\x73\x70\x61\x63\x69\x6e\x67'] = 0x6, _0x533dd8['\x61\x64\x64'](this['\x62\x74\x6e\x4c\x69\x63\x65\x6e\x73\x65']), _0x533dd8['\x61\x64\x64'](this['\x62\x74\x6e\x55\x70\x64\x61\x74\x65']), _0x533dd8['\x61\x64\x64'](this['\x62\x74\x6e\x52\x65\x73\x65\x74']), _0x533dd8['\x61\x64\x64'](this['\x62\x74\x6e\x42\x61\x63\x6b']), _0x533dd8['\x61\x64\x64'](this['\x62\x74\x6e\x42\x41']), _0x533dd8['\x61\x64\x64\x53\x74\x72\x65\x74\x63\x68'](), _0x533dd8['\x61\x64\x64'](this['\x62\x74\x6e\x41\x70\x70\x6c\x79']), _0x533dd8['\x61\x64\x64'](this['\x62\x74\x6e\x43\x72\x65\x61\x74\x65']), _0x533dd8['\x61\x64\x64'](this['\x62\x74\x6e\x43\x6c\x6f\x73\x65']);
        var _0x2a45ef = new HorizontalSizer();
        _0x2a45ef['\x73\x70\x61\x63\x69\x6e\x67'] = 0x6, _0x2a45ef['\x61\x64\x64'](_0x4d6864, 0x1), _0x2a45ef['\x61\x64\x64'](_0x2793f4, 0x1);
        var _0x40d7c0 = new HorizontalSizer();
        _0x40d7c0['\x73\x70\x61\x63\x69\x6e\x67'] = 0x6, _0x40d7c0['\x61\x64\x64'](_0x29fa25, 0x1), _0x40d7c0['\x61\x64\x64'](_0x200e1a, 0x1);
        var _0x1e20aa = new VerticalSizer();
        _0x1e20aa['\x6d\x61\x72\x67\x69\x6e'] = 0x8, _0x1e20aa['\x73\x70\x61\x63\x69\x6e\x67'] = 0x6, _0x1e20aa['\x61\x64\x64'](_0x58946b), _0x1e20aa['\x61\x64\x64'](_0x9de77b), _0x1e20aa['\x61\x64\x64'](_0x511255), _0x1e20aa['\x61\x64\x64'](_0x2a45ef), _0x1e20aa['\x61\x64\x64'](_0x24df89), _0x1e20aa['\x61\x64\x64'](_0x40d7c0), _0x1e20aa['\x61\x64\x64\x53\x74\x72\x65\x74\x63\x68']();
        var _0x58646c = new VerticalSizer();
        _0x58646c['\x73\x70\x61\x63\x69\x6e\x67'] = 0x4, _0x58646c['\x61\x64\x64'](this['\x63\x61\x6e\x76\x61\x73']), _0x58646c['\x61\x64\x64'](this['\x7a\x6f\x6f\x6d\x53\x69\x7a\x65\x72']);
        var _0x279e1a = new HorizontalSizer();
        _0x279e1a['\x73\x70\x61\x63\x69\x6e\x67'] = 0x8, _0x279e1a['\x61\x64\x64'](_0x58646c), _0x279e1a['\x61\x64\x64'](_0x1e20aa), this['\x73\x69\x7a\x65\x72'] = new VerticalSizer(), this['\x73\x69\x7a\x65\x72']['\x6d\x61\x72\x67\x69\x6e'] = 0x8, this['\x73\x69\x7a\x65\x72']['\x73\x70\x61\x63\x69\x6e\x67'] = 0x6, this['\x73\x69\x7a\x65\x72']['\x61\x64\x64'](_0x279e1a), this['\x73\x69\x7a\x65\x72']['\x61\x64\x64'](_0x533dd8), this['\x75\x73\x65\x72\x52\x65\x73\x69\x7a\x61\x62\x6c\x65'] = !![], this['\x61\x64\x6a\x75\x73\x74\x54\x6f\x43\x6f\x6e\x74\x65\x6e\x74\x73'](), amxFitToScreen(this), this['\x72\x65\x6e\x64\x65\x72\x50\x72\x65\x76\x69\x65\x77'] = function () {
            if (!_0x413ecb['\x6c\x61\x73\x74\x52\x65\x73'])
                return;
            var _0x5b083c = _0x413ecb['\x63\x61\x6e\x76\x61\x73']['\x77\x69\x64\x74\x68'] || PW, _0x34df4c = _0x413ecb['\x63\x61\x6e\x76\x61\x73']['\x68\x65\x69\x67\x68\x74'] || PH, _0x3bb61f = _0x413ecb['\x73\x74\x66\x4d\x6f\x64\x65'] ? stfParams(_0x413ecb['\x6c\x61\x73\x74\x52\x65\x73']) : null;
            _0x413ecb['\x7a\x6f\x6f\x6d\x4d\x6f\x64\x65'] ? _0x413ecb['\x70\x72\x65\x76\x69\x65\x77\x42\x69\x74\x6d\x61\x70'] = renderZoom(_0x413ecb['\x6c\x61\x73\x74\x52\x65\x73'], _0x413ecb['\x7a\x6f\x6f\x6d\x43\x58'], _0x413ecb['\x7a\x6f\x6f\x6d\x43\x59'], _0x413ecb['\x7a\x6f\x6f\x6d\x4c\x65\x76\x65\x6c'], _0x5b083c, _0x34df4c, _0x3bb61f) : _0x413ecb['\x70\x72\x65\x76\x69\x65\x77\x42\x69\x74\x6d\x61\x70'] = renderFull(_0x413ecb['\x6c\x61\x73\x74\x52\x65\x73'], _0x5b083c, _0x34df4c, _0x3bb61f), _0x413ecb['\x63\x61\x6e\x76\x61\x73']['\x72\x65\x70\x61\x69\x6e\x74']();
        }, this['\x64\x6f\x52\x65\x66\x72\x65\x73\x68'] = function () {
            var _0x4ab22e = _0x413ecb['\x72\x61\x77\x50\x72\x65\x76\x69\x65\x77\x49\x6d\x67'] || _0x413ecb['\x70\x72\x65\x76\x69\x65\x77\x49\x6d\x67'];
            if (!_0x4ab22e)
                return;
            _0x413ecb['\x65\x78\x69\x74\x43\x6f\x6d\x70\x61\x72\x65']();
            var _0x37f427 = cloneImg(_0x4ab22e);
            if (_0x413ecb['\x6c\x61\x73\x74\x4c\x69\x6e\x65\x61\x72\x46\x69\x74\x4e\x42'])
                applyStoredLinFit(_0x37f427, _0x413ecb['\x6c\x61\x73\x74\x4c\x69\x6e\x65\x61\x72\x46\x69\x74\x4e\x42']);
            _0x413ecb['\x6c\x61\x73\x74\x52\x65\x73'] = processImage(_0x37f427, _0x413ecb['\x70']);
            if (_0x413ecb['\x70\x72\x65\x76\x69\x65\x77\x57\x69\x74\x68\x53\x74\x61\x72\x73'] && _0x413ecb['\x73\x74\x61\x72\x73\x50\x72\x65\x76\x69\x65\x77\x49\x6d\x67'])
                blendStarsIntoImg(_0x413ecb['\x6c\x61\x73\x74\x52\x65\x73'], _0x413ecb['\x73\x74\x61\x72\x73\x50\x72\x65\x76\x69\x65\x77\x49\x6d\x67'], _0x515529, _0xdb9c73);
            _0x413ecb['\x72\x65\x6e\x64\x65\x72\x50\x72\x65\x76\x69\x65\x77']();
            if (_0x413ecb['\x75\x70\x64\x61\x74\x65\x42\x61\x63\x6b\x42\x74\x6e'])
                _0x413ecb['\x75\x70\x64\x61\x74\x65\x42\x61\x63\x6b\x42\x74\x6e']();
        }, this['\x63\x6c\x65\x61\x72\x48\x69\x73\x74\x6f\x72\x79'] = function () {
            _0x413ecb['\x70\x48\x69\x73\x74\x6f\x72\x79'] = [];
            if (_0x413ecb['\x75\x70\x64\x61\x74\x65\x42\x61\x63\x6b\x42\x74\x6e'])
                _0x413ecb['\x75\x70\x64\x61\x74\x65\x42\x61\x63\x6b\x42\x74\x6e']();
        }, this['\x69\x73\x44\x69\x72\x74\x79\x53\x69\x6e\x63\x65\x42\x61\x73\x65\x6c\x69\x6e\x65'] = function () {
            var _0xf7c958 = _0x413ecb['\x63\x6f\x6d\x70\x61\x72\x65\x42\x61\x73\x65\x6c\x69\x6e\x65'];
            if (!_0xf7c958)
                return ![];
            return !paramsEqual(_0x413ecb['\x70'], _0xf7c958['\x70']) || _0x413ecb['\x6c\x61\x73\x74\x4c\x69\x6e\x65\x61\x72\x46\x69\x74\x4e\x42'] !== (_0xf7c958['\x66\x69\x74'] || null);
        }, this['\x75\x70\x64\x61\x74\x65\x42\x61\x63\x6b\x42\x74\x6e'] = function () {
            var _0x37b23e = _0x413ecb['\x69\x73\x44\x69\x72\x74\x79\x53\x69\x6e\x63\x65\x42\x61\x73\x65\x6c\x69\x6e\x65']() || _0x413ecb['\x70\x48\x69\x73\x74\x6f\x72\x79']['\x6c\x65\x6e\x67\x74\x68'] > 0x0;
            if (_0x413ecb['\x62\x74\x6e\x42\x61\x63\x6b'])
                _0x413ecb['\x62\x74\x6e\x42\x61\x63\x6b']['\x65\x6e\x61\x62\x6c\x65\x64'] = _0x37b23e;
            if (_0x413ecb['\x62\x74\x6e\x42\x41'])
                _0x413ecb['\x62\x74\x6e\x42\x41']['\x65\x6e\x61\x62\x6c\x65\x64'] = _0x413ecb['\x63\x6f\x6d\x70\x61\x72\x65\x42\x61\x73\x65\x6c\x69\x6e\x65'] !== null;
        }, this['\x73\x65\x74\x43\x6f\x6d\x70\x61\x72\x65\x42\x61\x73\x65\x6c\x69\x6e\x65'] = function () {
            _0x413ecb['\x63\x6f\x6d\x70\x61\x72\x65\x42\x61\x73\x65\x6c\x69\x6e\x65'] = {
                '\x70': cloneParams(_0x413ecb['\x70']),
                '\x66\x69\x74': _0x413ecb['\x6c\x61\x73\x74\x4c\x69\x6e\x65\x61\x72\x46\x69\x74\x4e\x42'] || null
            };
            if (_0x413ecb['\x75\x70\x64\x61\x74\x65\x42\x61\x63\x6b\x42\x74\x6e'])
                _0x413ecb['\x75\x70\x64\x61\x74\x65\x42\x61\x63\x6b\x42\x74\x6e']();
        }, this['\x63\x6f\x6d\x70\x75\x74\x65\x42\x61\x73\x65\x6c\x69\x6e\x65\x52\x65\x73\x75\x6c\x74'] = function () {
            var _0xa87975 = _0x413ecb['\x63\x6f\x6d\x70\x61\x72\x65\x42\x61\x73\x65\x6c\x69\x6e\x65'];
            if (!_0xa87975)
                return null;
            var _0x50c176 = _0x413ecb['\x72\x61\x77\x50\x72\x65\x76\x69\x65\x77\x49\x6d\x67'] || _0x413ecb['\x70\x72\x65\x76\x69\x65\x77\x49\x6d\x67'];
            if (!_0x50c176)
                return null;
            var _0x392836 = cloneImg(_0x50c176);
            if (_0xa87975['\x66\x69\x74'])
                applyStoredLinFit(_0x392836, _0xa87975['\x66\x69\x74']);
            var _0x379c63 = processImage(_0x392836, _0xa87975['\x70']);
            if (_0x413ecb['\x70\x72\x65\x76\x69\x65\x77\x57\x69\x74\x68\x53\x74\x61\x72\x73'] && _0x413ecb['\x73\x74\x61\x72\x73\x50\x72\x65\x76\x69\x65\x77\x49\x6d\x67'])
                blendStarsIntoImg(_0x379c63, _0x413ecb['\x73\x74\x61\x72\x73\x50\x72\x65\x76\x69\x65\x77\x49\x6d\x67'], _0x515529, _0xdb9c73);
            return _0x379c63;
        }, this['\x65\x78\x69\x74\x43\x6f\x6d\x70\x61\x72\x65'] = function () {
            if (!_0x413ecb['\x73\x68\x6f\x77\x69\x6e\x67\x42\x65\x66\x6f\x72\x65'] && _0x413ecb['\x5f\x62\x65\x66\x6f\x72\x65\x52\x65\x73'] === null)
                return;
            _0x413ecb['\x73\x68\x6f\x77\x69\x6e\x67\x42\x65\x66\x6f\x72\x65'] = ![], _0x413ecb['\x5f\x62\x65\x66\x6f\x72\x65\x52\x65\x73'] = null, _0x413ecb['\x5f\x61\x66\x74\x65\x72\x52\x65\x73'] = null;
            if (_0x413ecb['\x62\x74\x6e\x42\x41'])
                _0x413ecb['\x62\x74\x6e\x42\x41']['\x74\x65\x78\x74'] = '\u21c4\x20\x42\x65\x66\x6f\x72\x65\x2f\x41\x66\x74\x65\x72';
        }, this['\x74\x6f\x67\x67\x6c\x65\x42\x65\x66\x6f\x72\x65\x41\x66\x74\x65\x72'] = function () {
            if (_0x413ecb['\x63\x6f\x6d\x70\x61\x72\x65\x42\x61\x73\x65\x6c\x69\x6e\x65'] === null)
                return;
            if (_0x413ecb['\x5f\x62\x65\x66\x6f\x72\x65\x52\x65\x73'] === null) {
                _0x413ecb['\x5f\x61\x66\x74\x65\x72\x52\x65\x73'] = _0x413ecb['\x6c\x61\x73\x74\x52\x65\x73'], _0x413ecb['\x5f\x62\x65\x66\x6f\x72\x65\x52\x65\x73'] = _0x413ecb['\x63\x6f\x6d\x70\x75\x74\x65\x42\x61\x73\x65\x6c\x69\x6e\x65\x52\x65\x73\x75\x6c\x74']();
                if (!_0x413ecb['\x5f\x62\x65\x66\x6f\x72\x65\x52\x65\x73']) {
                    _0x413ecb['\x5f\x61\x66\x74\x65\x72\x52\x65\x73'] = null;
                    return;
                }
                _0x413ecb['\x73\x68\x6f\x77\x69\x6e\x67\x42\x65\x66\x6f\x72\x65'] = ![];
            }
            _0x413ecb['\x73\x68\x6f\x77\x69\x6e\x67\x42\x65\x66\x6f\x72\x65'] = !_0x413ecb['\x73\x68\x6f\x77\x69\x6e\x67\x42\x65\x66\x6f\x72\x65'], _0x413ecb['\x6c\x61\x73\x74\x52\x65\x73'] = _0x413ecb['\x73\x68\x6f\x77\x69\x6e\x67\x42\x65\x66\x6f\x72\x65'] ? _0x413ecb['\x5f\x62\x65\x66\x6f\x72\x65\x52\x65\x73'] : _0x413ecb['\x5f\x61\x66\x74\x65\x72\x52\x65\x73'];
            if (_0x413ecb['\x62\x74\x6e\x42\x41'])
                _0x413ecb['\x62\x74\x6e\x42\x41']['\x74\x65\x78\x74'] = _0x413ecb['\x73\x68\x6f\x77\x69\x6e\x67\x42\x65\x66\x6f\x72\x65'] ? '\u21c4\x20\x42\x45\x46\x4f\x52\x45' : '\u21c4\x20\x41\x46\x54\x45\x52';
            _0x413ecb['\x72\x65\x6e\x64\x65\x72\x50\x72\x65\x76\x69\x65\x77']();
        }, this['\x70\x75\x73\x68\x42\x61\x6b\x65\x52\x65\x73\x74\x6f\x72\x65'] = function () {
            var _0x295ab3 = {
                '\x70': cloneParams(_0x413ecb['\x70']),
                '\x72\x61\x77\x4f\x72\x69\x67\x49\x6d\x67': _0x413ecb['\x72\x61\x77\x4f\x72\x69\x67\x49\x6d\x67'] ? cloneImg(_0x413ecb['\x72\x61\x77\x4f\x72\x69\x67\x49\x6d\x67']) : _0x413ecb['\x6f\x72\x69\x67\x49\x6d\x67'] ? cloneImg(_0x413ecb['\x6f\x72\x69\x67\x49\x6d\x67']) : null,
                '\x72\x61\x77\x50\x72\x65\x76\x69\x65\x77\x49\x6d\x67': _0x413ecb['\x72\x61\x77\x50\x72\x65\x76\x69\x65\x77\x49\x6d\x67'] ? cloneImg(_0x413ecb['\x72\x61\x77\x50\x72\x65\x76\x69\x65\x77\x49\x6d\x67']) : _0x413ecb['\x70\x72\x65\x76\x69\x65\x77\x49\x6d\x67'] ? cloneImg(_0x413ecb['\x70\x72\x65\x76\x69\x65\x77\x49\x6d\x67']) : null,
                '\x66\x69\x74': _0x413ecb['\x6c\x61\x73\x74\x4c\x69\x6e\x65\x61\x72\x46\x69\x74\x4e\x42'] || null,
                '\x70\x72\x65\x76\x42\x61\x73\x65\x6c\x69\x6e\x65': _0x413ecb['\x63\x6f\x6d\x70\x61\x72\x65\x42\x61\x73\x65\x6c\x69\x6e\x65']
            };
            _0x413ecb['\x70\x48\x69\x73\x74\x6f\x72\x79']['\x70\x75\x73\x68'](_0x295ab3);
            if (_0x413ecb['\x70\x48\x69\x73\x74\x6f\x72\x79']['\x6c\x65\x6e\x67\x74\x68'] > 0x1e)
                _0x413ecb['\x70\x48\x69\x73\x74\x6f\x72\x79']['\x73\x68\x69\x66\x74']();
            if (_0x413ecb['\x75\x70\x64\x61\x74\x65\x42\x61\x63\x6b\x42\x74\x6e'])
                _0x413ecb['\x75\x70\x64\x61\x74\x65\x42\x61\x63\x6b\x42\x74\x6e']();
        }, this['\x73\x74\x65\x70\x42\x61\x63\x6b'] = function () {
            if (_0x413ecb['\x69\x73\x44\x69\x72\x74\x79\x53\x69\x6e\x63\x65\x42\x61\x73\x65\x6c\x69\x6e\x65']()) {
                var _0x286090 = _0x413ecb['\x63\x6f\x6d\x70\x61\x72\x65\x42\x61\x73\x65\x6c\x69\x6e\x65'];
                _0x413ecb['\x70'] = cloneParams(_0x286090['\x70']), _0x413ecb['\x6c\x61\x73\x74\x4c\x69\x6e\x65\x61\x72\x46\x69\x74\x4e\x42'] = _0x286090['\x66\x69\x74'] || null, _0x413ecb['\x72\x65\x73\x74\x6f\x72\x69\x6e\x67\x53\x74\x61\x74\x65'] = !![], _0x413ecb['\x72\x65\x73\x65\x74\x41\x6c\x6c\x43\x6f\x6e\x74\x72\x6f\x6c\x73'](), _0x413ecb['\x64\x6f\x52\x65\x66\x72\x65\x73\x68'](), _0x413ecb['\x72\x65\x73\x74\x6f\x72\x69\x6e\x67\x53\x74\x61\x74\x65'] = ![];
            } else {
                if (_0x413ecb['\x70\x48\x69\x73\x74\x6f\x72\x79']['\x6c\x65\x6e\x67\x74\x68'] > 0x0) {
                    var _0x1a8a69 = _0x413ecb['\x70\x48\x69\x73\x74\x6f\x72\x79']['\x70\x6f\x70']();
                    _0x413ecb['\x72\x65\x73\x74\x6f\x72\x69\x6e\x67\x53\x74\x61\x74\x65'] = !![], _0x413ecb['\x72\x61\x77\x4f\x72\x69\x67\x49\x6d\x67'] = _0x1a8a69['\x72\x61\x77\x4f\x72\x69\x67\x49\x6d\x67'], _0x413ecb['\x72\x61\x77\x50\x72\x65\x76\x69\x65\x77\x49\x6d\x67'] = _0x1a8a69['\x72\x61\x77\x50\x72\x65\x76\x69\x65\x77\x49\x6d\x67'], _0x413ecb['\x6f\x72\x69\x67\x49\x6d\x67'] = _0x1a8a69['\x72\x61\x77\x4f\x72\x69\x67\x49\x6d\x67'] ? cloneImg(_0x1a8a69['\x72\x61\x77\x4f\x72\x69\x67\x49\x6d\x67']) : _0x413ecb['\x6f\x72\x69\x67\x49\x6d\x67'], _0x413ecb['\x70\x72\x65\x76\x69\x65\x77\x49\x6d\x67'] = _0x1a8a69['\x72\x61\x77\x50\x72\x65\x76\x69\x65\x77\x49\x6d\x67'] ? cloneImg(_0x1a8a69['\x72\x61\x77\x50\x72\x65\x76\x69\x65\x77\x49\x6d\x67']) : _0x413ecb['\x70\x72\x65\x76\x69\x65\x77\x49\x6d\x67'], _0x413ecb['\x6c\x61\x73\x74\x4c\x69\x6e\x65\x61\x72\x46\x69\x74\x4e\x42'] = _0x1a8a69['\x66\x69\x74'] || null, _0x413ecb['\x70'] = _0x1a8a69['\x70'], _0x413ecb['\x63\x6f\x6d\x70\x61\x72\x65\x42\x61\x73\x65\x6c\x69\x6e\x65'] = _0x1a8a69['\x70\x72\x65\x76\x42\x61\x73\x65\x6c\x69\x6e\x65'] || null, _0x413ecb['\x72\x65\x73\x65\x74\x41\x6c\x6c\x43\x6f\x6e\x74\x72\x6f\x6c\x73'](), _0x413ecb['\x64\x6f\x52\x65\x66\x72\x65\x73\x68'](), _0x413ecb['\x72\x65\x73\x74\x6f\x72\x69\x6e\x67\x53\x74\x61\x74\x65'] = ![];
                }
            }
            if (_0x413ecb['\x75\x70\x64\x61\x74\x65\x42\x61\x63\x6b\x42\x74\x6e'])
                _0x413ecb['\x75\x70\x64\x61\x74\x65\x42\x61\x63\x6b\x42\x74\x6e']();
        }, this['\x72\x65\x73\x65\x74\x41\x6c\x6c\x43\x6f\x6e\x74\x72\x6f\x6c\x73'] = function () {
            var _0x1c04b8 = _0x413ecb['\x70'];
            function _0x55ef3d(_0x3fbc26, _0x2885a9) {
                _0x3fbc26['\x73\x6c\x69\x64\x65\x72']['\x76\x61\x6c\x75\x65'] = Math['\x72\x6f\x75\x6e\x64'](_0x2885a9 / _0x3fbc26['\x73\x74\x65\x70']), _0x3fbc26['\x76\x61\x6c\x4c\x61\x62\x65\x6c']['\x74\x65\x78\x74'] = _0x2885a9['\x74\x6f\x46\x69\x78\x65\x64'](0x3);
            }
            _0x55ef3d(_0x25357a, _0x1c04b8['\x62\x6c\x61\x63\x6b\x70\x6f\x69\x6e\x74']), _0x55ef3d(_0x195b3a, _0x1c04b8['\x74\x61\x72\x67\x65\x74\x4d\x65\x64']), _0x55ef3d(_0x3e4266, _0x1c04b8['\x67\x65\x6e\x53\x74\x72\x65\x74\x63\x68']), _0x55ef3d(_0x2adfc8, _0x1c04b8['\x68\x64\x72\x53\x74\x72\x65\x6e\x67\x74\x68']), _0x55ef3d(_0x1798de, _0x1c04b8['\x63\x6f\x6e\x74\x72\x61\x73\x74\x42\x6f\x6f\x73\x74']), _0x55ef3d(_0xfd4d3, _0x1c04b8['\x62\x67\x42\x72\x69\x67\x68\x74\x6e\x65\x73\x73']), _0x55ef3d(_0x49dd40, _0x1c04b8['\x6d\x69\x64\x42\x72\x69\x67\x68\x74\x6e\x65\x73\x73']), _0x55ef3d(_0xe19ab3, _0x1c04b8['\x68\x69\x43\x6c\x69\x70']), _0x55ef3d(_0x15e0a7, _0x1c04b8['\x62\x67\x54\x61\x72\x67\x65\x74']), _0x55ef3d(_0x5be268, _0x1c04b8['\x73\x61\x74\x75\x72\x61\x74\x69\x6f\x6e']), _0x413ecb['\x73\x61\x74\x4d\x61\x73\x6b\x43\x6d\x62']['\x63\x75\x72\x72\x65\x6e\x74\x49\x74\x65\x6d'] = _0x1c04b8['\x73\x61\x74\x4d\x61\x73\x6b'] || 0x0, _0x413ecb['\x73\x61\x74\x4d\x61\x73\x6b\x49\x6e\x76\x43\x68\x6b']['\x63\x68\x65\x63\x6b\x65\x64'] = _0x1c04b8['\x73\x61\x74\x4d\x61\x73\x6b\x49\x6e\x76\x65\x72\x74'] || ![], _0x55ef3d(_0x563447, _0x1c04b8['\x73\x61\x74\x52'] || 0x1), _0x55ef3d(_0x232b9e, _0x1c04b8['\x73\x61\x74\x47'] || 0x1), _0x55ef3d(_0x401943, _0x1c04b8['\x73\x61\x74\x42'] || 0x1);
            if (_0x413ecb['\x73\x6c\x4e\x42\x4f\x69\x69\x69'])
                _0x55ef3d(_0x413ecb['\x73\x6c\x4e\x42\x4f\x69\x69\x69'], _0x1c04b8['\x6e\x62\x4f\x69\x69\x69\x42\x6f\x6f\x73\x74'] !== undefined ? _0x1c04b8['\x6e\x62\x4f\x69\x69\x69\x42\x6f\x6f\x73\x74'] : 0x1);
            if (_0x413ecb['\x73\x6c\x4e\x42\x53\x69\x69'])
                _0x55ef3d(_0x413ecb['\x73\x6c\x4e\x42\x53\x69\x69'], _0x1c04b8['\x6e\x62\x53\x69\x69\x42\x6f\x6f\x73\x74'] !== undefined ? _0x1c04b8['\x6e\x62\x53\x69\x69\x42\x6f\x6f\x73\x74'] : 0x1);
            if (_0x413ecb['\x73\x6c\x4e\x42\x48\x61\x42\x6c\x64'])
                _0x55ef3d(_0x413ecb['\x73\x6c\x4e\x42\x48\x61\x42\x6c\x64'], _0x1c04b8['\x6e\x62\x48\x61\x42\x6c\x65\x6e\x64'] !== undefined ? _0x1c04b8['\x6e\x62\x48\x61\x42\x6c\x65\x6e\x64'] : 0x0);
            if (_0x413ecb['\x73\x6c\x4e\x42\x53\x63\x6e\x72'])
                _0x55ef3d(_0x413ecb['\x73\x6c\x4e\x42\x53\x63\x6e\x72'], _0x1c04b8['\x6e\x62\x53\x63\x6e\x72'] !== undefined ? _0x1c04b8['\x6e\x62\x53\x63\x6e\x72'] : 0x0);
            if (_0x413ecb['\x63\x62\x4e\x42\x48\x61\x4c\x75\x6d'])
                _0x413ecb['\x63\x62\x4e\x42\x48\x61\x4c\x75\x6d']['\x63\x68\x65\x63\x6b\x65\x64'] = _0x1c04b8['\x6e\x62\x48\x61\x4c\x75\x6d'] || ![];
            _0x413ecb['\x63\x62\x42\x67\x4c\x6f\x63\x6b']['\x63\x68\x65\x63\x6b\x65\x64'] = _0x1c04b8['\x62\x67\x4c\x6f\x63\x6b'];
            if (_0x413ecb['\x63\x62\x4d\x61\x67\x65\x6e\x74\x61'])
                _0x413ecb['\x63\x62\x4d\x61\x67\x65\x6e\x74\x61']['\x63\x68\x65\x63\x6b\x65\x64'] = _0x1c04b8['\x63\x6f\x72\x72\x65\x63\x74\x4d\x61\x67\x65\x6e\x74\x61'] || ![];
        }, _0x413ecb['\x70\x72\x65\x76\x69\x65\x77\x49\x6d\x67'] && _0x413ecb['\x64\x6f\x52\x65\x66\x72\x65\x73\x68']();
    }
}
function amxFitToScreen(_0x532c18) {
    try {
        var _0x24e425 = _0x532c18['\x61\x76\x61\x69\x6c\x61\x62\x6c\x65\x53\x63\x72\x65\x65\x6e\x52\x65\x63\x74'], _0xacbd92 = _0x24e425['\x77\x69\x64\x74\x68'] - 0x18, _0x4d6ce4 = _0x24e425['\x68\x65\x69\x67\x68\x74'] - 0x30;
        if (_0x532c18['\x77\x69\x64\x74\x68'] <= _0xacbd92 && _0x532c18['\x68\x65\x69\x67\x68\x74'] <= _0x4d6ce4)
            return;
        try {
            var _0x2a98ce = Math['\x6d\x61\x78'](0.7, Math['\x6d\x69\x6e'](_0xacbd92 / _0x532c18['\x77\x69\x64\x74\x68'], _0x4d6ce4 / _0x532c18['\x68\x65\x69\x67\x68\x74'])), _0x1bb15f = _0x532c18['\x66\x6f\x6e\x74'];
            _0x1bb15f['\x70\x6f\x69\x6e\x74\x53\x69\x7a\x65'] = Math['\x6d\x61\x78'](0x6, _0x1bb15f['\x70\x6f\x69\x6e\x74\x53\x69\x7a\x65'] * _0x2a98ce), _0x532c18['\x66\x6f\x6e\x74'] = _0x1bb15f, _0x532c18['\x61\x64\x6a\x75\x73\x74\x54\x6f\x43\x6f\x6e\x74\x65\x6e\x74\x73']();
        } catch (_0xe605b8) {
        }
        var _0x695810 = Math['\x6d\x69\x6e'](_0x532c18['\x77\x69\x64\x74\x68'], _0xacbd92), _0x580bfe = Math['\x6d\x69\x6e'](_0x532c18['\x68\x65\x69\x67\x68\x74'], _0x4d6ce4);
        try {
            _0x532c18['\x72\x65\x73\x69\x7a\x65'](_0x695810, _0x580bfe);
        } catch (_0x2898ab) {
        }
        try {
            _0x532c18['\x70\x6f\x73\x69\x74\x69\x6f\x6e'] = new Point(_0x24e425['\x78\x30'] + Math['\x6d\x61\x78'](0x0, _0xacbd92 - _0x695810 >> 0x1), _0x24e425['\x79\x30'] + Math['\x6d\x61\x78'](0x0, _0x4d6ce4 - _0x580bfe >> 0x1));
        } catch (_0x391d0f) {
        }
    } catch (_0x1628b2) {
    }
}
function main() {
    var _0xa605a1 = licCheck();
    if (_0xa605a1 === '\x65\x78\x70\x69\x72\x65\x64') {
        licShowActivationDialog();
        if (!licIsActivated())
            throw new Error('\x41\x73\x74\x72\x6f\x4d\x61\x78\x20\x74\x72\x69\x61\x6c\x20\x65\x78\x70\x69\x72\x65\x64\x2e\x20\x50\x6c\x65\x61\x73\x65\x20\x61\x63\x74\x69\x76\x61\x74\x65\x20\x79\x6f\x75\x72\x20\x6c\x69\x63\x65\x6e\x73\x65\x2e');
    }
    amxCleanupOrphans();
    var _0x5ab522 = new EasyStretchMonoDialog();
    _0x5ab522['\x65\x78\x65\x63\x75\x74\x65']();
    if (G_TMP !== null) {
        try {
            G_TMP['\x66\x6f\x72\x63\x65\x43\x6c\x6f\x73\x65']();
        } catch (_0x3ddff5) {
        }
        G_TMP = null;
    }
    amxCleanupOrphans();
}
main();